ID,Mutation,Type,PDB,antibody_chains,antigen_chains,âˆ†G(Kcal/mol)
1,1AHWDC178A,Fab,1AHW,"A,B",C,-11.50
2,1AHWLC176A,Fab,1AHW,"A,B",C,-10.10
3,1AHWNC199A,Fab,1AHW,"A,B",C,-10.01
4,1AHWTC167A,Fab,1AHW,"A,B",C,-11.11
5,1AHWTC170A,Fab,1AHW,"A,B",C,-9.98
6,1AHWTC197A,Fab,1AHW,"A,B",C,-9.75
7,1AHWVC198A,Fab,1AHW,"A,B",C,-11.34
8,1AHWYC156A,Fab,1AHW,"A,B",C,-7.40
9,1AHWYC157A,Fab,1AHW,"A,B",C,-12.85
10,1BJ1HH101Y,Fab,1BJ1,"H,L","V,W",-12.64
11,1BJ1HH107A,Fab,1BJ1,"H,L","V,W",-10.29
12,1BJ1NH31H,Fab,1BJ1,"H,L","V,W",-11.86
13,1BJ1SH105T,Fab,1BJ1,"H,L","V,W",-11.50
14,1BJ1TH28D,Fab,1BJ1,"H,L","V,W",-11.34
15,1BJ1TH59A,Fab,1BJ1,"H,L","V,W",-10.23
16,1BJ1YH27A,Fab,1BJ1,"H,L","V,W",-8.90
17,1BJ1YH54A,Fab,1BJ1,"H,L","V,W",-9.77
18,1BJ1YH54W,Fab,1BJ1,"H,L","V,W",-11.26
19,1BJ1YH99A,Fab,1BJ1,"H,L","V,W",-6.80
20,1CZ8LL4M,Fab,1CZ8,"H,L","V,W",-12.81
21,1DQJDC101A,Fab,1DQJ,"H,L",C,-9.91
22,1DQJDH32A,Fab,1DQJ,"H,L",C,-9.23
23,1DQJKC96A,Fab,1DQJ,"H,L",C,-5.27
24,1DQJKC97A,Fab,1DQJ,"H,L",C,-7.79
25,1DQJLC75A,Fab,1DQJ,"H,L",C,-9.77
26,1DQJNC93A,Fab,1DQJ,"H,L",C,-10.53
27,1DQJNL31A,Fab,1DQJ,"H,L",C,-9.23
28,1DQJNL32A,Fab,1DQJ,"H,L",C,-7.24
29,1DQJRC21A,Fab,1DQJ,"H,L",C,-9.95
30,1DQJSC100A,Fab,1DQJ,"H,L",C,-10.41
31,1DQJSL91A,Fab,1DQJ,"H,L",C,-9.79
32,1DQJTC89A,Fab,1DQJ,"H,L",C,-10.35
33,1DQJWC62A,Fab,1DQJ,"H,L",C,-10.43
34,1DQJWC63A,Fab,1DQJ,"H,L",C,-9.87
35,1DQJWH98A,Fab,1DQJ,"H,L",C,-6.44
36,1DQJYC20A,Fab,1DQJ,"H,L",C,-8.01
37,1DQJYH33A,Fab,1DQJ,"H,L",C,-5.87
38,1DQJYH50A,Fab,1DQJ,"H,L",C,-4.57
39,1DQJYH53A,Fab,1DQJ,"H,L",C,-10.03
40,1DQJYL50A,Fab,1DQJ,"H,L",C,-8.59
41,1DQJYL96A,Fab,1DQJ,"H,L",C,-10.07
42,1DVFDB100A,possible Ab-Ab,1DVF,"A,B","C,D",-7.72
43,1DVFDB54A,possible Ab-Ab,1DVF,"A,B","C,D",-6.29
44,1DVFDB58A,possible Ab-Ab,1DVF,"A,B","C,D",-8.86
45,1DVFDD52A,possible Ab-Ab,1DVF,"A,B","C,D",-8.78
46,1DVFEB98A,possible Ab-Ab,1DVF,"A,B","C,D",-6.38
47,1DVFHA30A,possible Ab-Ab,1DVF,"A,B","C,D",-8.81
48,1DVFHD33A,possible Ab-Ab,1DVF,"A,B","C,D",-8.61
49,1DVFID101A,possible Ab-Ab,1DVF,"A,B","C,D",-7.82
50,1DVFKD30A,possible Ab-Ab,1DVF,"A,B","C,D",-9.43
51,1DVFNB56A,possible Ab-Ab,1DVF,"A,B","C,D",-9.27
52,1DVFND55A,possible Ab-Ab,1DVF,"A,B","C,D",-8.61
53,1DVFQD104A,possible Ab-Ab,1DVF,"A,B","C,D",-8.83
54,1DVFRB99A,possible Ab-Ab,1DVF,"A,B","C,D",-8.59
55,1DVFRD106A,possible Ab-Ab,1DVF,"A,B","C,D",-6.48
56,1DVFSA93A,possible Ab-Ab,1DVF,"A,B","C,D",-9.27
57,1DVFTB30A,possible Ab-Ab,1DVF,"A,B","C,D",-9.52
58,1DVFWA92A,possible Ab-Ab,1DVF,"A,B","C,D",-10.06
59,1DVFWB52A,possible Ab-Ab,1DVF,"A,B","C,D",-6.43
60,1DVFYA32A,possible Ab-Ab,1DVF,"A,B","C,D",-8.44
61,1DVFYA49A,possible Ab-Ab,1DVF,"A,B","C,D",-8.73
62,1DVFYA50A,possible Ab-Ab,1DVF,"A,B","C,D",-9.73
63,1DVFYB101F,possible Ab-Ab,1DVF,"A,B","C,D",-8.46
64,1DVFYB32A,possible Ab-Ab,1DVF,"A,B","C,D",-8.64
65,1DVFYC49A,possible Ab-Ab,1DVF,"A,B","C,D",-8.61
66,1DVFYD102A,possible Ab-Ab,1DVF,"A,B","C,D",-5.85
67,1JRHDH54A,Fab,1JRH,"H,L",I,-8.52
68,1JRHDH55A,Fab,1JRH,"H,L",I,-8.73
69,1JRHDH56A,Fab,1JRH,"H,L",I,-8.55
70,1JRHDL28A,Fab,1JRH,"H,L",I,-9.91
71,1JRHEI45Q,Fab,1JRH,"H,L",I,-10.14
72,1JRHEI55A,Fab,1JRH,"H,L",I,-10.64
73,1JRHEI55P,Fab,1JRH,"H,L",I,-13.95
74,1JRHEL27A,Fab,1JRH,"H,L",I,-9.81
75,1JRHFH98A,Fab,1JRH,"H,L",I,-10.33
76,1JRHGI50A,Fab,1JRH,"H,L",I,-5.90
77,1JRHHH100BA,Fab,1JRH,"H,L",I,-8.70
78,1JRHKI47A,Fab,1JRH,"H,L",I,-6.80
79,1JRHKI47M,Fab,1JRH,"H,L",I,-7.08
80,1JRHKI52A,Fab,1JRH,"H,L",I,-7.37
81,1JRHKI52M,Fab,1JRH,"H,L",I,-5.53
82,1JRHKI98A,Fab,1JRH,"H,L",I,-10.26
83,1JRHNI48A,Fab,1JRH,"H,L",I,-10.50
84,1JRHNI48Q,Fab,1JRH,"H,L",I,-9.88
85,1JRHNI53A,Fab,1JRH,"H,L",I,-6.50
86,1JRHNI79A,Fab,1JRH,"H,L",I,-10.60
87,1JRHRH95A,Fab,1JRH,"H,L",I,-9.81
88,1JRHRI84A,Fab,1JRH,"H,L",I,-10.46
89,1JRHSI54A,Fab,1JRH,"H,L",I,-9.94
90,1JRHSL93A,Fab,1JRH,"H,L",I,-10.95
91,1JRHTI14V,Fab,1JRH,"H,L",I,-10.26
92,1JRHTL94A,Fab,1JRH,"H,L",I,-9.96
93,1JRHVI51A,Fab,1JRH,"H,L",I,-8.42
94,1JRHWH52A,Fab,1JRH,"H,L",I,-7.76
95,1JRHWH53A,Fab,1JRH,"H,L",I,-8.01
96,1JRHWI56F,Fab,1JRH,"H,L",I,-10.85
97,1JRHWI56Y,Fab,1JRH,"H,L",I,-10.21
98,1JRHWI82A,Fab,1JRH,"H,L",I,-5.89
99,1JRHWI82F,Fab,1JRH,"H,L",I,-9.16
100,1JRHWI82Y,Fab,1JRH,"H,L",I,-9.14
101,1JRHWL92A,Fab,1JRH,"H,L",I,-7.63
102,1JRHWL96A,Fab,1JRH,"H,L",I,-8.73
103,1JRHYH32A,Fab,1JRH,"H,L",I,-8.96
104,1JRHYH58A,Fab,1JRH,"H,L",I,-9.13
105,1JRHYH99A,Fab,1JRH,"H,L",I,-9.31
106,1JRHYI49A,Fab,1JRH,"H,L",I,-6.97
107,1JRHYI49F,Fab,1JRH,"H,L",I,-9.47
108,1JRHYL30A,Fab,1JRH,"H,L",I,-9.27
109,1JRHYL91A,Fab,1JRH,"H,L",I,-9.77
110,1KIPAB32Y,Fab,1KIP,"A,B",C,-10.99
111,1KIQFB101Y,Fab,1KIQ,"A,B",C,-10.99
112,1KIRSA50Y,Fab,1KIR,"A,B",C,-10.99
113,1MHPFH99W,Fab,1MHP,"H,L",A,-10.52
114,1MHPFH99Y,Fab,1MHP,"H,L",A,-9.80
115,1MHPGH100F,Fab,1MHP,"H,L",A,-9.97
116,1MHPGH100L,Fab,1MHP,"H,L",A,-7.91
117,1MHPGH100M,Fab,1MHP,"H,L",A,-10.42
118,1MHPGH100S,Fab,1MHP,"H,L",A,-9.99
119,1MHPGH53A,Fab,1MHP,"H,L",A,-10.03
120,1MHPGH53N,Fab,1MHP,"H,L",A,-9.32
121,1MHPGH53S,Fab,1MHP,"H,L",A,-9.88
122,1MHPGH54I,Fab,1MHP,"H,L",A,-9.22
123,1MHPGH54T,Fab,1MHP,"H,L",A,-9.41
124,1MHPGH54Y,Fab,1MHP,"H,L",A,-10.52
125,1MHPGL92Q,Fab,1MHP,"H,L",A,-9.02
126,1MHPGL92S,Fab,1MHP,"H,L",A,-10.03
127,1MHPHL31K,Fab,1MHP,"H,L",A,-9.41
128,1MHPHL31R,Fab,1MHP,"H,L",A,-9.45
129,1MHPHL31W,Fab,1MHP,"H,L",A,-9.32
130,1MHPKH64D,Fab,1MHP,"H,L",A,-10.64
131,1MHPKH64E,Fab,1MHP,"H,L",A,-10.67
132,1MHPKH64N,Fab,1MHP,"H,L",A,-10.59
133,1MHPKH64Q,Fab,1MHP,"H,L",A,-10.67
134,1MHPLH60D,Fab,1MHP,"H,L",A,-10.64
135,1MHPLL49F,Fab,1MHP,"H,L",A,-9.84
136,1MHPLL49K,Fab,1MHP,"H,L",A,-9.64
137,1MHPLL49W,Fab,1MHP,"H,L",A,-8.70
138,1MHPNL30V,Fab,1MHP,"H,L",A,-9.52
139,1MHPNL30W,Fab,1MHP,"H,L",A,-9.02
140,1MHPNL30Y,Fab,1MHP,"H,L",A,-8.70
141,1MHPNL52D,Fab,1MHP,"H,L",A,-10.04
142,1MHPNL52E,Fab,1MHP,"H,L",A,-10.69
143,1MHPNL52K,Fab,1MHP,"H,L",A,-9.89
144,1MHPNL52R,Fab,1MHP,"H,L",A,-9.71
145,1MHPNL52Y,Fab,1MHP,"H,L",A,-10.62
146,1MHPRH31Q,Fab,1MHP,"H,L",A,-9.27
147,1MHPSH35A,Fab,1MHP,"H,L",A,-9.02
148,1MHPSH35Q,Fab,1MHP,"H,L",A,-7.91
149,1MHPSH52M,Fab,1MHP,"H,L",A,-8.54
150,1MHPSL24R,Fab,1MHP,"H,L",A,-10.59
151,1MHPSL28Q,Fab,1MHP,"H,L",A,-11.16
152,1MHPSL91Q,Fab,1MHP,"H,L",A,-8.83
153,1MHPSL91R,Fab,1MHP,"H,L",A,-7.91
154,1MHPSL91T,Fab,1MHP,"H,L",A,-8.31
155,1MHPTH33N,Fab,1MHP,"H,L",A,-7.91
156,1MHPTH33V,Fab,1MHP,"H,L",A,-10.11
157,1MHPTH50V,Fab,1MHP,"H,L",A,-10.77
158,1MHPWL90Q,Fab,1MHP,"H,L",A,-8.54
159,1MHPYH58E,Fab,1MHP,"H,L",A,-8.54
160,1MHPYH58Q,Fab,1MHP,"H,L",A,-8.54
161,1MHPYH58W,Fab,1MHP,"H,L",A,-9.74
162,1MHPYH59E,Fab,1MHP,"H,L",A,-10.00
163,1MLCKH65D,Fab,1MLC,"H,L",E,-10.88
164,1MLCNL32G,Fab,1MLC,"H,L",E,-11.73
165,1MLCNL32Y,Fab,1MLC,"H,L",E,-10.89
166,1MLCNL92A,Fab,1MLC,"H,L",E,-12.09
167,1MLCSH57A,Fab,1MLC,"H,L",E,-11.26
168,1MLCSH57V,Fab,1MLC,"H,L",E,-11.37
169,1MLCTH28D,Fab,1MLC,"H,L",E,-11.04
170,1MLCTH31A,Fab,1MLC,"H,L",E,-10.47
171,1MLCTH31V,Fab,1MLC,"H,L",E,-10.39
172,1MLCTH31W,Fab,1MLC,"H,L",E,-10.77
173,1MLCTH58D,Fab,1MLC,"H,L",E,-11.43
174,1N8ZDH98W,Fab,1N8Z,"H,L",C,-13.51
175,1N8ZFC555A,Fab,1N8Z,"H,L",C,-11.55
176,1N8ZHL91F,Fab,1N8Z,"H,L",C,-12.79
177,1N8ZLC525A,Fab,1N8Z,"H,L",C,-11.60
178,1N8ZNL30S,Fab,1N8Z,"H,L",C,-12.76
179,1N8ZRH50A,Fab,1N8Z,"H,L",C,-9.48
180,1N8ZRH58A,Fab,1N8Z,"H,L",C,-10.60
181,1N8ZSC551A,Fab,1N8Z,"H,L",C,-11.55
182,1N8ZTL94S,Fab,1N8Z,"H,L",C,-12.52
183,1N8ZVC552A,Fab,1N8Z,"H,L",C,-11.57
184,1N8ZYH100AF,Fab,1N8Z,"H,L",C,-12.01
185,1N8ZYH102V,Fab,1N8Z,"H,L",C,-12.60
186,1NCADH97K,Fab,1NCA,"H,L",N,-8.84
187,1NCAEH96D,Fab,1NCA,"H,L",N,-9.13
188,1NCANH31Q,Fab,1NCA,"H,L",N,-9.52
189,1NCANH98Q,Fab,1NCA,"H,L",N,-9.00
190,1NMBDH56E,Fab,1NMB,"H,L",N,-6.75
191,1NMBDH56N,Fab,1NMB,"H,L",N,-6.75
192,1NMBLL94V,Fab,1NMB,"H,L",N,-8.71
193,1NMBTL93F,Fab,1NMB,"H,L",N,-9.59
194,1NMBTL93W,Fab,1NMB,"H,L",N,-9.40
195,1NMBYH100AF,Fab,1NMB,"H,L",N,-8.21
196,1NMBYH99A,Fab,1NMB,"H,L",N,-7.53
197,1NMBYL32F,Fab,1NMB,"H,L",N,-9.13
198,1VFBDC119A,Fab,1VFB,"H,L",C,-9.39
199,1VFBDC18A,Fab,1VFB,"H,L",C,-9.98
200,1VFBDH100A,Fab,1VFB,"H,L",C,-7.49
201,1VFBDH54A,Fab,1VFB,"H,L",C,-9.36
202,1VFBDH58A,Fab,1VFB,"H,L",C,-10.24
203,1VFBDH58E,Fab,1VFB,"H,L",C,-11.43
204,1VFBDH58N,Fab,1VFB,"H,L",C,-11.63
205,1VFBEH98A,Fab,1VFB,"H,L",C,-8.93
206,1VFBGH31A,Fab,1VFB,"H,L",C,-11.21
207,1VFBGH31E,Fab,1VFB,"H,L",C,-12.00
208,1VFBGH31W,Fab,1VFB,"H,L",C,-11.50
209,1VFBHL30A,Fab,1VFB,"H,L",C,-9.23
210,1VFBIC124A,Fab,1VFB,"H,L",C,-9.13
211,1VFBKC116A,Fab,1VFB,"H,L",C,-9.62
212,1VFBLC129A,Fab,1VFB,"H,L",C,-10.14
213,1VFBNC19A,Fab,1VFB,"H,L",C,-9.92
214,1VFBNH56A,Fab,1VFB,"H,L",C,-9.87
215,1VFBNL31W,Fab,1VFB,"H,L",C,-11.34
216,1VFBQC121A,Fab,1VFB,"H,L",C,-7.55
217,1VFBRC125A,Fab,1VFB,"H,L",C,-8.55
218,1VFBRH99A,Fab,1VFB,"H,L",C,-10.13
219,1VFBRH99W,Fab,1VFB,"H,L",C,-10.83
220,1VFBRH99Y,Fab,1VFB,"H,L",C,-10.33
221,1VFBSC24A,Fab,1VFB,"H,L",C,-9.49
222,1VFBSH28D,Fab,1VFB,"H,L",C,-11.51
223,1VFBSH28E,Fab,1VFB,"H,L",C,-11.61
224,1VFBSH28N,Fab,1VFB,"H,L",C,-11.37
225,1VFBSH28Q,Fab,1VFB,"H,L",C,-11.43
226,1VFBSL93A,Fab,1VFB,"H,L",C,-9.71
227,1VFBTC118A,Fab,1VFB,"H,L",C,-9.57
228,1VFBTH30A,Fab,1VFB,"H,L",C,-10.09
229,1VFBTL52F,Fab,1VFB,"H,L",C,-11.06
230,1VFBTL53R,Fab,1VFB,"H,L",C,-9.93
231,1VFBVC120A,Fab,1VFB,"H,L",C,-9.43
232,1VFBWH52A,Fab,1VFB,"H,L",C,-9.43
233,1VFBWL92A,Fab,1VFB,"H,L",C,-7.10
234,1VFBYC23A,Fab,1VFB,"H,L",C,-9.91
235,1VFBYH101F,Fab,1VFB,"H,L",C,-8.79
236,1VFBYH32A,Fab,1VFB,"H,L",C,-9.23
237,1VFBYH32E,Fab,1VFB,"H,L",C,-9.69
238,1VFBYL32A,Fab,1VFB,"H,L",C,-8.66
239,1VFBYL49A,Fab,1VFB,"H,L",C,-9.27
240,1VFBYL50A,Fab,1VFB,"H,L",C,-9.80
241,1VFBYL50K,Fab,1VFB,"H,L",C,-9.87
242,1VFBYL50R,Fab,1VFB,"H,L",C,-10.70
243,1XGPAB33F,Fab,1XGP,"A,B",C,-10.79
244,1XGPAB33I,Fab,1XGP,"A,B",C,-9.07
245,1XGPAB33L,Fab,1XGP,"A,B",C,-9.01
246,1XGPAB33V,Fab,1XGP,"A,B",C,-8.01
247,1XGQVB33A,Fab,1XGQ,"A,B",C,-6.91
248,1XGQVB33F,Fab,1XGQ,"A,B",C,-10.79
249,1XGQVB33I,Fab,1XGQ,"A,B",C,-9.07
250,1XGQVB33L,Fab,1XGQ,"A,B",C,-9.01
251,1XGRIB33A,Fab,1XGR,"A,B",C,-6.91
252,1XGRIB33F,Fab,1XGR,"A,B",C,-10.79
253,1XGRIB33L,Fab,1XGR,"A,B",C,-9.01
254,1XGRIB33V,Fab,1XGR,"A,B",C,-8.01
255,1XGTLB33A,Fab,1XGT,"A,B",C,-6.91
256,1XGTLB33F,Fab,1XGT,"A,B",C,-10.79
257,1XGTLB33I,Fab,1XGT,"A,B",C,-9.07
258,1XGTLB33V,Fab,1XGT,"A,B",C,-8.01
259,1XGUFB33A,Fab,1XGU,"A,B",C,-6.91
260,1XGUFB33I,Fab,1XGU,"A,B",C,-9.07
261,1XGUFB33L,Fab,1XGU,"A,B",C,-9.01
262,1XGUFB33V,Fab,1XGU,"A,B",C,-8.01
263,1YQVRY45K,Fab,1YQV,"H,L",Y,-11.95
264,1YY9AC25P,Fab,1YY9,"C,D",A,-11.51
265,1YY9AD98P,Fab,1YY9,"C,D",A,-10.59
266,1YY9GD54P,Fab,1YY9,"C,D",A,-11.32
267,1YY9LD29P,Fab,1YY9,"C,D",A,-11.55
268,1YY9NC93A,Fab,1YY9,"C,D",A,-12.85
269,1YY9ND56A,Fab,1YY9,"C,D",A,-12.19
270,1YY9SC26D,Fab,1YY9,"C,D",A,-12.33
271,1YY9SC26P,Fab,1YY9,"C,D",A,-11.59
272,1YY9SC28P,Fab,1YY9,"C,D",A,-11.79
273,1YY9SC54P,Fab,1YY9,"C,D",A,-11.60
274,1YY9SD53P,Fab,1YY9,"C,D",A,-10.80
275,1YY9TC31E,Fab,1YY9,"C,D",A,-12.63
276,1YY9TC96P,Fab,1YY9,"C,D",A,-7.75
277,1YY9TD61E,Fab,1YY9,"C,D",A,-12.19
278,1YY9WD52P,Fab,1YY9,"C,D",A,-10.17
279,1YY9YD101P,Fab,1YY9,"C,D",A,-10.00
280,2B2XEH64K,Fab,2B2X,"H,L",A,-11.67
281,2B2XVH50T,Fab,2B2X,"H,L",A,-11.43
282,2B2XYL52E,Fab,2B2X,"H,L",A,-11.73
283,2BDNDH31E,Fab,2BDN,"H,L",A,-10.82
284,2BDNLH27K,Fab,2BDN,"H,L",A,-11.02
285,2BDNLH27R,Fab,2BDN,"H,L",A,-11.24
286,2BDNNH28D,Fab,2BDN,"H,L",A,-11.73
287,2BDNNH28Q,Fab,2BDN,"H,L",A,-10.52
288,2BDNNL31K,Fab,2BDN,"H,L",A,-8.52
289,2BDNNL31R,Fab,2BDN,"H,L",A,-12.74
290,2BDNSL53D,Fab,2BDN,"H,L",A,-12.01
291,2BDNSL53E,Fab,2BDN,"H,L",A,-12.67
292,2BDNTL56D,Fab,2BDN,"H,L",A,-12.27
293,2BDNTL56E,Fab,2BDN,"H,L",A,-12.52
294,2BDNYL30K,Fab,2BDN,"H,L",A,-11.21
295,2JELAP82S,Fab,2JEL,"H,L",P,-11.11
296,2JELDP69E,Fab,2JEL,"H,L",P,-10.20
297,2JELEP5D,Fab,2JEL,"H,L",P,-10.72
298,2JELEP5Q,Fab,2JEL,"H,L",P,-10.43
299,2JELEP66K,Fab,2JEL,"H,L",P,-7.20
300,2JELEP68A,Fab,2JEL,"H,L",P,-10.72
301,2JELEP70A,Fab,2JEL,"H,L",P,-8.50
302,2JELEP70K,Fab,2JEL,"H,L",P,-7.20
303,2JELEP75R,Fab,2JEL,"H,L",P,-8.50
304,2JELEP83A,Fab,2JEL,"H,L",P,-11.11
305,2JELEP85A,Fab,2JEL,"H,L",P,-11.11
306,2JELEP85D,Fab,2JEL,"H,L",P,-11.11
307,2JELEP85K,Fab,2JEL,"H,L",P,-11.11
308,2JELEP85Q,Fab,2JEL,"H,L",P,-11.11
309,2JELFP2W,Fab,2JEL,"H,L",P,-8.61
310,2JELFP2Y,Fab,2JEL,"H,L",P,-11.11
311,2JELHP76A,Fab,2JEL,"H,L",P,-11.50
312,2JELHP76D,Fab,2JEL,"H,L",P,-11.73
313,2JELKP24E,Fab,2JEL,"H,L",P,-11.11
314,2JELKP27E,Fab,2JEL,"H,L",P,-11.11
315,2JELKP72E,Fab,2JEL,"H,L",P,-10.72
316,2JELKP72R,Fab,2JEL,"H,L",P,-11.11
317,2JELKP79E,Fab,2JEL,"H,L",P,-10.72
318,2JELNP12D,Fab,2JEL,"H,L",P,-11.11
319,2JELNP38T,Fab,2JEL,"H,L",P,-11.11
320,2JELPP11E,Fab,2JEL,"H,L",P,-11.11
321,2JELQP3K,Fab,2JEL,"H,L",P,-7.20
322,2JELQP4K,Fab,2JEL,"H,L",P,-9.81
323,2JELQP57E,Fab,2JEL,"H,L",P,-11.50
324,2JELQP71E,Fab,2JEL,"H,L",P,-8.50
325,2JELRP17G,Fab,2JEL,"H,L",P,-11.11
326,2JELRP17K,Fab,2JEL,"H,L",P,-11.11
327,2JELSP41C,Fab,2JEL,"H,L",P,-9.68
328,2JELSP43C,Fab,2JEL,"H,L",P,-11.11
329,2JELSP46C,Fab,2JEL,"H,L",P,-11.11
330,2JELSP64T,Fab,2JEL,"H,L",P,-7.20
331,2JELTP34N,Fab,2JEL,"H,L",P,-4.59
332,2JELTP34Q,Fab,2JEL,"H,L",P,-11.11
333,2JELTP36Q,Fab,2JEL,"H,L",P,-10.72
334,2JELTP62A,Fab,2JEL,"H,L",P,-11.11
335,2JELTP62N,Fab,2JEL,"H,L",P,-11.11
336,2JELTP7N,Fab,2JEL,"H,L",P,-10.72
337,2JELTP7S,Fab,2JEL,"H,L",P,-11.11
338,2JELVP6F,Fab,2JEL,"H,L",P,-11.11
339,2NYYDA1058A,Fab,2NYY,"H,L",A,-12.82
340,2NYYDA1062A,Fab,2NYY,"H,L",A,-10.41
341,2NYYDL30Y,Fab,2NYY,"H,L",A,-12.09
342,2NYYEA920A,Fab,2NYY,"H,L",A,-10.11
343,2NYYEH6Q,Fab,2NYY,"H,L",A,-13.06
344,2NYYFA917A,Fab,2NYY,"H,L",A,-12.42
345,2NYYFA953A,Fab,2NYY,"H,L",A,-8.94
346,2NYYHA1064A,Fab,2NYY,"H,L",A,-5.83
347,2NYYHL34R,Fab,2NYY,"H,L",A,-12.61
348,2NYYIA956A,Fab,2NYY,"H,L",A,-12.83
349,2NYYKA1056A,Fab,2NYY,"H,L",A,-12.85
350,2NYYKA903A,Fab,2NYY,"H,L",A,-12.55
351,2NYYKA923A,Fab,2NYY,"H,L",A,-12.96
352,2NYYKH30R,Fab,2NYY,"H,L",A,-12.64
353,2NYYLA919A,Fab,2NYY,"H,L",A,-10.35
354,2NYYMH34Q,Fab,2NYY,"H,L",A,-12.76
355,2NYYNA918A,Fab,2NYY,"H,L",A,-11.97
356,2NYYNA954A,Fab,2NYY,"H,L",A,-12.73
357,2NYYQA915A,Fab,2NYY,"H,L",A,-12.33
358,2NYYRA1061A,Fab,2NYY,"H,L",A,-12.04
359,2NYYRA1294A,Fab,2NYY,"H,L",A,-12.54
360,2NYYSA902A,Fab,2NYY,"H,L",A,-13.04
361,2NYYSA955A,Fab,2NYY,"H,L",A,-12.82
362,2NYYSL28Q,Fab,2NYY,"H,L",A,-12.31
363,2NYYSL31N,Fab,2NYY,"H,L",A,-13.04
364,2NYYTA1063A,Fab,2NYY,"H,L",A,-11.26
365,2NYYVH37I,Fab,2NYY,"H,L",A,-13.03
366,2NYYYH31D,Fab,2NYY,"H,L",A,-12.64
367,2NYYYH31Q,Fab,2NYY,"H,L",A,-12.58
368,2NYYYH57Q,Fab,2NYY,"H,L",A,-12.21
369,2NZ9DA1058A,Fab,2NZ9,"H,L",A,-12.81
370,2NZ9DA1062A,Fab,2NZ9,"H,L",A,-10.54
371,2NZ9EA920A,Fab,2NZ9,"H,L",A,-10.13
372,2NZ9FA917A,Fab,2NZ9,"H,L",A,-12.82
373,2NZ9FA953A,Fab,2NZ9,"H,L",A,-9.58
374,2NZ9HA1064A,Fab,2NZ9,"H,L",A,-5.68
375,2NZ9IA956A,Fab,2NZ9,"H,L",A,-12.71
376,2NZ9KA1056A,Fab,2NZ9,"H,L",A,-12.79
377,2NZ9KA903A,Fab,2NZ9,"H,L",A,-12.26
378,2NZ9KA923A,Fab,2NZ9,"H,L",A,-13.06
379,2NZ9LA919A,Fab,2NZ9,"H,L",A,-10.60
380,2NZ9NA918A,Fab,2NZ9,"H,L",A,-10.71
381,2NZ9NA954A,Fab,2NZ9,"H,L",A,-12.92
382,2NZ9QA915A,Fab,2NZ9,"H,L",A,-12.68
383,2NZ9RA1061A,Fab,2NZ9,"H,L",A,-12.50
384,2NZ9RA1294A,Fab,2NZ9,"H,L",A,-12.40
385,2NZ9SA902A,Fab,2NZ9,"H,L",A,-12.89
386,2NZ9SA955A,Fab,2NZ9,"H,L",A,-12.85
387,2NZ9TA1063A,Fab,2NZ9,"H,L",A,-10.51
388,2VIRSC115L,Fab,2VIR,"A,B",C,-8.21
389,2VIRTC89I,Fab,2VIR,"A,B",C,-7.04
390,3BN9DA217A,Fab,3BN9,"H,L",A,-13.68
391,3BN9DA60AA,Fab,3BN9,"H,L",A,-13.82
392,3BN9DA60BA,Fab,3BN9,"H,L",A,-13.93
393,3BN9DA96A,Fab,3BN9,"H,L",A,-7.82
394,3BN9EA169A,Fab,3BN9,"H,L",A,-13.87
395,3BN9FA60EA,Fab,3BN9,"H,L",A,-14.27
396,3BN9FA94A,Fab,3BN9,"H,L",A,-13.61
397,3BN9FA97A,Fab,3BN9,"H,L",A,-7.82
398,3BN9HA143A,Fab,3BN9,"H,L",A,-14.14
399,3BN9IA41A,Fab,3BN9,"H,L",A,-14.22
400,3BN9IA60A,Fab,3BN9,"H,L",A,-13.43
401,3BN9KA224A,Fab,3BN9,"H,L",A,-13.47
402,3BN9LA153A,Fab,3BN9,"H,L",A,-13.90
403,3BN9NA95A,Fab,3BN9,"H,L",A,-13.48
404,3BN9PH100H,Fab,3BN9,"H,L",A,-11.56
405,3BN9QA145A,Fab,3BN9,"H,L",A,-14.10
406,3BN9QA174A,Fab,3BN9,"H,L",A,-14.26
407,3BN9QA175A,Fab,3BN9,"H,L",A,-11.82
408,3BN9QA221AA,Fab,3BN9,"H,L",A,-13.55
409,3BN9QA38A,Fab,3BN9,"H,L",A,-14.62
410,3BN9QH100AV,Fab,3BN9,"H,L",A,-12.71
411,3BN9RA222A,Fab,3BN9,"H,L",A,-14.31
412,3BN9RA60CA,Fab,3BN9,"H,L",A,-14.27
413,3BN9RA60FA,Fab,3BN9,"H,L",A,-14.29
414,3BN9RA87A,Fab,3BN9,"H,L",A,-14.38
415,3BN9SH30G,Fab,3BN9,"H,L",A,-12.75
416,3BN9SH30N,Fab,3BN9,"H,L",A,-12.79
417,3BN9TA150A,Fab,3BN9,"H,L",A,-13.95
418,3BN9TA98A,Fab,3BN9,"H,L",A,-13.14
419,3BN9TH28R,Fab,3BN9,"H,L",A,-13.57
420,3BN9TH98Q,Fab,3BN9,"H,L",A,-13.90
421,3BN9TH98R,Fab,3BN9,"H,L",A,-13.94
422,3BN9YA146A,Fab,3BN9,"H,L",A,-13.19
423,3BN9YA60GA,Fab,3BN9,"H,L",A,-14.21
424,3BN9YH99S,Fab,3BN9,"H,L",A,-13.45
425,3G6DHH104A,Fab,3G6D,"H,L",A,-14.91
426,3G6DWH105A,Fab,3G6D,"H,L",A,-15.43
427,3HFMDH32A,Fab,3HFM,"H,L",Y,-11.90
428,3HFMDH32N,Fab,3HFM,"H,L",Y,-13.56
429,3HFMDY101A,Fab,3HFM,"H,L",Y,-12.33
430,3HFMDY101E,Fab,3HFM,"H,L",Y,-11.01
431,3HFMDY101F,Fab,3HFM,"H,L",Y,-10.82
432,3HFMDY101G,Fab,3HFM,"H,L",Y,-12.70
433,3HFMDY101K,Fab,3HFM,"H,L",Y,-11.02
434,3HFMDY101N,Fab,3HFM,"H,L",Y,-11.63
435,3HFMDY101Q,Fab,3HFM,"H,L",Y,-11.06
436,3HFMDY101R,Fab,3HFM,"H,L",Y,-10.87
437,3HFMDY101S,Fab,3HFM,"H,L",Y,-11.26
438,3HFMGY102V,Fab,3HFM,"H,L",Y,-12.67
439,3HFMHY15A,Fab,3HFM,"H,L",Y,-13.66
440,3HFMIY98A,Fab,3HFM,"H,L",Y,-13.24
441,3HFMKY96A,Fab,3HFM,"H,L",Y,-7.04
442,3HFMKY96M,Fab,3HFM,"H,L",Y,-6.72
443,3HFMKY96R,Fab,3HFM,"H,L",Y,-8.12
444,3HFMKY97A,Fab,3HFM,"H,L",Y,-7.89
445,3HFMKY97D,Fab,3HFM,"H,L",Y,-6.73
446,3HFMKY97E,Fab,3HFM,"H,L",Y,-9.75
447,3HFMKY97G,Fab,3HFM,"H,L",Y,-7.05
448,3HFMKY97M,Fab,3HFM,"H,L",Y,-12.43
449,3HFMKY97R,Fab,3HFM,"H,L",Y,-10.28
450,3HFMLY75A,Fab,3HFM,"H,L",Y,-12.57
451,3HFMNL31A,Fab,3HFM,"H,L",Y,-8.73
452,3HFMNL31D,Fab,3HFM,"H,L",Y,-12.43
453,3HFMNL31E,Fab,3HFM,"H,L",Y,-8.26
454,3HFMNL32A,Fab,3HFM,"H,L",Y,-8.84
455,3HFMNY19D,Fab,3HFM,"H,L",Y,-12.50
456,3HFMNY19K,Fab,3HFM,"H,L",Y,-12.66
457,3HFMNY19Q,Fab,3HFM,"H,L",Y,-12.93
458,3HFMNY93A,Fab,3HFM,"H,L",Y,-13.04
459,3HFMQL53A,Fab,3HFM,"H,L",Y,-12.81
460,3HFMRY21A,Fab,3HFM,"H,L",Y,-12.42
461,3HFMRY21E,Fab,3HFM,"H,L",Y,-10.70
462,3HFMRY21G,Fab,3HFM,"H,L",Y,-10.74
463,3HFMRY21H,Fab,3HFM,"H,L",Y,-10.98
464,3HFMRY21K,Fab,3HFM,"H,L",Y,-11.37
465,3HFMRY21M,Fab,3HFM,"H,L",Y,-11.24
466,3HFMRY21N,Fab,3HFM,"H,L",Y,-10.82
467,3HFMRY21Q,Fab,3HFM,"H,L",Y,-10.76
468,3HFMRY21W,Fab,3HFM,"H,L",Y,-11.01
469,3HFMRY73A,Fab,3HFM,"H,L",Y,-13.56
470,3HFMSH31A,Fab,3HFM,"H,L",Y,-13.56
471,3HFMSY100A,Fab,3HFM,"H,L",Y,-12.98
472,3HFMTY89A,Fab,3HFM,"H,L",Y,-13.24
473,3HFMWH98A,Fab,3HFM,"H,L",Y,-8.45
474,3HFMWH98F,Fab,3HFM,"H,L",Y,-10.62
475,3HFMWY63A,Fab,3HFM,"H,L",Y,-12.93
476,3HFMYH33A,Fab,3HFM,"H,L",Y,-7.95
477,3HFMYH33F,Fab,3HFM,"H,L",Y,-10.41
478,3HFMYH33L,Fab,3HFM,"H,L",Y,-9.51
479,3HFMYH33W,Fab,3HFM,"H,L",Y,-9.76
480,3HFMYH50A,Fab,3HFM,"H,L",Y,-6.72
481,3HFMYH50F,Fab,3HFM,"H,L",Y,-9.89
482,3HFMYH50L,Fab,3HFM,"H,L",Y,-8.71
483,3HFMYH53A,Fab,3HFM,"H,L",Y,-8.32
484,3HFMYH53F,Fab,3HFM,"H,L",Y,-10.84
485,3HFMYH53L,Fab,3HFM,"H,L",Y,-10.66
486,3HFMYH53W,Fab,3HFM,"H,L",Y,-10.76
487,3HFMYH58A,Fab,3HFM,"H,L",Y,-9.83
488,3HFMYH58F,Fab,3HFM,"H,L",Y,-11.08
489,3HFMYH58L,Fab,3HFM,"H,L",Y,-9.98
490,3HFMYL50A,Fab,3HFM,"H,L",Y,-9.36
491,3HFMYL50F,Fab,3HFM,"H,L",Y,-11.47
492,3HFMYL50L,Fab,3HFM,"H,L",Y,-9.52
493,3HFMYL96A,Fab,3HFM,"H,L",Y,-11.13
494,3HFMYL96F,Fab,3HFM,"H,L",Y,-12.38
495,3HFMYY20A,Fab,3HFM,"H,L",Y,-9.16
496,3HFMYY20F,Fab,3HFM,"H,L",Y,-13.68
497,3HFMYY20L,Fab,3HFM,"H,L",Y,-11.15
498,3L5XYL94A,Fab,3L5X,"H,L",A,-12.69
499,3LZFDA187E,Fab,3LZF,"H,L","A,B",-10.74
500,3LZFDA222G,Fab,3LZF,"H,L","A,B",-10.70
501,3N85SH32A,Fab,3N85,"H,L",A,-12.00
502,3N85SH32Y,Fab,3N85,"H,L",A,-11.81
503,3N85SH50G,Fab,3N85,"H,L",A,-11.40
504,3N85SH52Y,Fab,3N85,"H,L",A,-12.62
505,3N85WH100F,Fab,3N85,"H,L",A,-11.88
506,3N85WH30K,Fab,3N85,"H,L",A,-12.62
507,3N85WH30R,Fab,3N85,"H,L",A,-12.40
508,3N85WL91F,Fab,3N85,"H,L",A,-11.73
509,3N85WL94Y,Fab,3N85,"H,L",A,-11.90
510,3NGBAH57G,Fab,3NGB,"H,L",G,-10.80
511,3NGBDH103A,Fab,3NGB,"H,L",G,-10.09
512,3NGBEL88A,Fab,3NGB,"H,L",G,-8.89
513,3NGBFL89A,Fab,3NGB,"H,L",G,-9.33
514,3NGBGH55A,Fab,3NGB,"H,L",G,-11.37
515,3NGBGH55S,Fab,3NGB,"H,L",G,-10.03
516,3NGBIH30A,Fab,3NGB,"H,L",G,-10.15
517,3NGBIH30T,Fab,3NGB,"H,L",G,-10.67
518,3NGBKH52A,Fab,3NGB,"H,L",G,-9.56
519,3NGBKH52N,Fab,3NGB,"H,L",G,-10.57
520,3NGBMH70A,Fab,3NGB,"H,L",G,-9.64
521,3NGBNH105A,Fab,3NGB,"H,L",G,-9.08
522,3NGBNH59A,Fab,3NGB,"H,L",G,-8.46
523,3NGBPH63A,Fab,3NGB,"H,L",G,-10.19
524,3NGBPH63K,Fab,3NGB,"H,L",G,-10.52
525,3NGBQH65A,Fab,3NGB,"H,L",G,-10.48
526,3NGBQL25A,Fab,3NGB,"H,L",G,-10.37
527,3NGBRH54A,Fab,3NGB,"H,L",G,-10.40
528,3NGBRH54N,Fab,3NGB,"H,L",G,-10.70
529,3NGBRH62A,Fab,3NGB,"H,L",G,-9.20
530,3NGBRH62Q,Fab,3NGB,"H,L",G,-10.65
531,3NGBRH72A,Fab,3NGB,"H,L",G,-8.58
532,3NGBSL28A,Fab,3NGB,"H,L",G,-10.29
533,3NGBTH33A,Fab,3NGB,"H,L",G,-9.47
534,3NGBTH33Y,Fab,3NGB,"H,L",G,-10.66
535,3NGBVH58A,Fab,3NGB,"H,L",G,-8.85
536,3NGBVH58T,Fab,3NGB,"H,L",G,-10.61
537,3NGBVH74A,Fab,3NGB,"H,L",G,-9.11
538,3NGBVH74T,Fab,3NGB,"H,L",G,-10.58
539,3NGBVL1A,Fab,3NGB,"H,L",G,-10.89
540,3NGBWH106A,Fab,3NGB,"H,L",G,-5.88
541,3NGBWH47A,Fab,3NGB,"H,L",G,-9.00
542,3NGBWH50A,Fab,3NGB,"H,L",G,-8.92
543,3NGBYH104A,Fab,3NGB,"H,L",G,-8.79
544,3NGBYH60A,Fab,3NGB,"H,L",G,-9.63
545,3NGBYH75A,Fab,3NGB,"H,L",G,-10.34
546,3NGBYH75S,Fab,3NGB,"H,L",G,-10.42
547,3NGBYL26A,Fab,3NGB,"H,L",G,-9.21
548,3NGBYL26S,Fab,3NGB,"H,L",G,-10.12
549,3NGBYL87A,Fab,3NGB,"H,L",G,-8.22
550,3NPSDA214A,Fab,3NPS,"B,C",A,-11.83
551,3NPSDA46A,Fab,3NPS,"B,C",A,-12.91
552,3NPSDA47A,Fab,3NPS,"B,C",A,-12.22
553,3NPSDA91A,Fab,3NPS,"B,C",A,-11.80
554,3NPSEA163A,Fab,3NPS,"B,C",A,-12.65
555,3NPSFA50A,Fab,3NPS,"B,C",A,-13.03
556,3NPSFA89A,Fab,3NPS,"B,C",A,-11.73
557,3NPSFA92A,Fab,3NPS,"B,C",A,-12.79
558,3NPSHA138A,Fab,3NPS,"B,C",A,-11.44
559,3NPSIA26A,Fab,3NPS,"B,C",A,-12.62
560,3NPSIA45A,Fab,3NPS,"B,C",A,-13.55
561,3NPSKA221A,Fab,3NPS,"B,C",A,-13.34
562,3NPSLA147A,Fab,3NPS,"B,C",A,-12.95
563,3NPSNA90A,Fab,3NPS,"B,C",A,-12.99
564,3NPSQA140A,Fab,3NPS,"B,C",A,-12.95
565,3NPSQA168A,Fab,3NPS,"B,C",A,-13.29
566,3NPSQA169A,Fab,3NPS,"B,C",A,-12.53
567,3NPSQA218A,Fab,3NPS,"B,C",A,-13.28
568,3NPSQA23A,Fab,3NPS,"B,C",A,-13.21
569,3NPSRA219A,Fab,3NPS,"B,C",A,-13.32
570,3NPSRA48A,Fab,3NPS,"B,C",A,-14.25
571,3NPSRA51A,Fab,3NPS,"B,C",A,-13.10
572,3NPSRA82A,Fab,3NPS,"B,C",A,-13.38
573,3NPSTA144A,Fab,3NPS,"B,C",A,-13.07
574,3NPSTA93A,Fab,3NPS,"B,C",A,-12.54
575,3NPSYA141A,Fab,3NPS,"B,C",A,-11.54
576,3NPSYA52A,Fab,3NPS,"B,C",A,-12.80
577,3SE8DH110A,Fab,3SE8,"H,L",G,-9.92
578,3SE8DH114A,Fab,3SE8,"H,L",G,-9.78
579,3SE8DL49A,Fab,3SE8,"H,L",G,-8.73
580,3SE8EL1A,Fab,3SE8,"H,L",G,-10.08
581,3SE8EL91A,Fab,3SE8,"H,L",G,-8.10
582,3SE8FH115A,Fab,3SE8,"H,L",G,-8.52
583,3SE8FL90A,Fab,3SE8,"H,L",G,-10.37
584,3SE8FL92A,Fab,3SE8,"H,L",G,-8.75
585,3SE8GH56A,Fab,3SE8,"H,L",G,-9.20
586,3SE8KH52A,Fab,3SE8,"H,L",G,-8.48
587,3SE8LH54A,Fab,3SE8,"H,L",G,-9.49
588,3SE8NL30A,Fab,3SE8,"H,L",G,-9.36
589,3SE8PH78A,Fab,3SE8,"H,L",G,-9.53
590,3SE8PH81A,Fab,3SE8,"H,L",G,-9.61
591,3SE8QH63A,Fab,3SE8,"H,L",G,-8.48
592,3SE8QH65A,Fab,3SE8,"H,L",G,-9.02
593,3SE8QH76A,Fab,3SE8,"H,L",G,-9.45
594,3SE8QL27A,Fab,3SE8,"H,L",G,-9.75
595,3SE8RH30A,Fab,3SE8,"H,L",G,-9.58
596,3SE8RH62A,Fab,3SE8,"H,L",G,-8.39
597,3SE8RH72A,Fab,3SE8,"H,L",G,-7.02
598,3SE8SH59A,Fab,3SE8,"H,L",G,-8.44
599,3SE8VH58A,Fab,3SE8,"H,L",G,-8.35
600,3SE8WH47A,Fab,3SE8,"H,L",G,-8.13
601,3SE8WH50A,Fab,3SE8,"H,L",G,-8.27
602,3SE8WH55A,Fab,3SE8,"H,L",G,-8.82
603,3SE8YH111A,Fab,3SE8,"H,L",G,-8.75
604,3SE8YH60A,Fab,3SE8,"H,L",G,-8.73
605,3SE9DH77A,Fab,3SE9,"H,L",G,-10.81
606,3SE9EL90A,Fab,3SE9,"H,L",G,-9.68
607,3SE9FL91A,Fab,3SE9,"H,L",G,-10.05
608,3SE9GH106A,Fab,3SE9,"H,L",G,-10.37
609,3SE9GH107A,Fab,3SE9,"H,L",G,-10.67
610,3SE9GH109A,Fab,3SE9,"H,L",G,-9.90
611,3SE9GH57A,Fab,3SE9,"H,L",G,-9.64
612,3SE9GH62A,Fab,3SE9,"H,L",G,-10.03
613,3SE9GL29A,Fab,3SE9,"H,L",G,-9.63
614,3SE9LH34A,Fab,3SE9,"H,L",G,-9.54
615,3SE9LL89A,Fab,3SE9,"H,L",G,-9.16
616,3SE9NH60A,Fab,3SE9,"H,L",G,-8.62
617,3SE9PH64A,Fab,3SE9,"H,L",G,-10.50
618,3SE9RH67A,Fab,3SE9,"H,L",G,-8.67
619,3SE9RH74A,Fab,3SE9,"H,L",G,-7.52
620,3SE9RH76A,Fab,3SE9,"H,L",G,-10.30
621,3SE9TH105A,Fab,3SE9,"H,L",G,-10.50
622,3SE9TH56A,Fab,3SE9,"H,L",G,-10.90
623,3SE9VH55A,Fab,3SE9,"H,L",G,-10.90
624,3SE9VH59A,Fab,3SE9,"H,L",G,-9.14
625,3SE9VL3A,Fab,3SE9,"H,L",G,-10.55
626,3SE9WH48A,Fab,3SE9,"H,L",G,-9.07
627,3SE9WH51A,Fab,3SE9,"H,L",G,-8.86
628,3SE9YH104A,Fab,3SE9,"H,L",G,-9.63
629,3SE9YL28A,Fab,3SE9,"H,L",G,-9.01
630,3W2DKA67N,Fab,3W2D,"H,L",A,-7.62
631,3W2DKA67R,Fab,3W2D,"H,L",A,-12.45
632,3W2DYA45F,Fab,3W2D,"H,L",A,-11.20
633,3W2DYA45L,Fab,3W2D,"H,L",A,-9.78
634,4GXUDA189E,Fab,4GXU,"M,N","A,B,C,D,E,F",-8.63
635,4GXUDA224G,Fab,4GXU,"M,N","A,B,C,D,E,F",-8.83
636,4I77DH54A,Fab,4I77,"H,L",Z,-12.31
637,4I77NL95A,Fab,4I77,"H,L",Z,-12.70
638,4I77WH52A,Fab,4I77,"H,L",Z,-12.32
639,4I77WH52F,Fab,4I77,"H,L",Z,-12.33
640,4I77YH100A,Fab,4I77,"H,L",Z,-12.72
641,4I77YH100F,Fab,4I77,"H,L",Z,-14.34
642,4I77YH101A,Fab,4I77,"H,L",Z,-13.44
643,4I77YH101F,Fab,4I77,"H,L",Z,-14.34
644,4I77YL32A,Fab,4I77,"H,L",Z,-14.34
645,4I77YL32F,Fab,4I77,"H,L",Z,-14.34
646,4JPKDA141R,Fab,4JPK,"H,L",A,-5.91
647,4JPKFA144I,Fab,4JPK,"H,L",A,-8.27
648,4JPKFA63L,Fab,4JPK,"H,L",A,-8.48
649,4JPKRA130K,Fab,4JPK,"H,L",A,-9.38
650,4JPKRA81T,Fab,4JPK,"H,L",A,-8.87
651,4JPKSA41G,Fab,4JPK,"H,L",A,-7.54
652,4JPKTA35S,Fab,4JPK,"H,L",A,-9.63
653,4JPKVA30N,Fab,4JPK,"H,L",A,-9.03
654,4KRLDB112A,Nanobody,4KRL,B,A,-8.06
655,4KRLRB30A,Nanobody,4KRL,B,A,-7.04
656,4KRODB92A,Nanobody,4KRO,B,A,-7.11
657,4KRORB15A,Nanobody,4KRO,B,A,-7.04
658,4KRPEB105A,Nanobody,4KRP,B,A,-7.30
659,4NM8DB19N,Fab,4NM8,"H,L","A,B,C,D,E,F",-10.77
660,4NM8IB18M,Fab,4NM8,"H,L","A,B,C,D,E,F",-11.30
661,4NM8LB38Y,Fab,4NM8,"H,L","A,B,C,D,E,F",-11.99
662,4NM8QB34R,Fab,4NM8,"H,L","A,B,C,D,E,F",-8.56
663,4NM8QB34T,Fab,4NM8,"H,L","A,B,C,D,E,F",-9.17
664,4NM8RB25M,Fab,4NM8,"H,L","A,B,C,D,E,F",-8.11
665,4NM8TB32E,Fab,4NM8,"H,L","A,B,C,D,E,F",-11.93
666,4NM8TB32I,Fab,4NM8,"H,L","A,B,C,D,E,F",-11.45
667,4NM8TB32R,Fab,4NM8,"H,L","A,B,C,D,E,F",-10.24
668,4U6HNE21A,Fab,4U6H,"A,B",E,-13.43
669,4U6HQE25A,Fab,4U6H,"A,B",E,-12.98
670,4ZS6EA156A,Fab,4ZS6,"H,L",A,-5.58
671,4ZS6YA160A,Fab,4ZS6,"H,L",A,-8.59
672,5C6TEA194A,Fab,5C6T,"H,L",A,-11.85
673,5C6TFA192A,Fab,5C6T,"H,L",A,-10.98
674,5C6TFA199A,Fab,5C6T,"H,L",A,-10.25
675,5C6TFA200A,Fab,5C6T,"H,L",A,-12.50
676,5C6TFH99A,Fab,5C6T,"H,L",A,-11.49
677,5C6TIA201A,Fab,5C6T,"H,L",A,-12.04
678,5C6TNA183A,Fab,5C6T,"H,L",A,-12.62
679,5C6TNA186A,Fab,5C6T,"H,L",A,-12.54
680,5C6TNA188A,Fab,5C6T,"H,L",A,-13.24
681,5C6TNH97A,Fab,5C6T,"H,L",A,-11.43
682,5C6TRH31S,Fab,5C6T,"H,L",A,-12.59
683,5C6TRL48A,Fab,5C6T,"H,L",A,-12.77
684,5C6TSH32A,Fab,5C6T,"H,L",A,-13.72
685,5C6TTA185A,Fab,5C6T,"H,L",A,-12.57
686,5C6TYA182A,Fab,5C6T,"H,L",A,-9.82
687,5C6TYH104A,Fab,5C6T,"H,L",A,-12.54
688,5C6TYH98A,Fab,5C6T,"H,L",A,-11.25
689,5C6TYL47A,Fab,5C6T,"H,L",A,-12.36