ID,pdb,mutations,NumofMuts,antibody_chain_in_list,antigen_chain_in_list,dG(mut)
1,1AHW,"KC169A,NC171A,NC173A",3,"B,A",C,-7.48
2,1AHW,"SC195A,RC196A",2,"B,A",C,-7.53
3,1AHW,"RC200A,KC201A",2,"B,A",C,-7.53
4,1AHW,"IC152Q,TC154I,YC156T",3,"B,A",C,-7.58
5,1AHW,"KC149A,DC150A",2,"B,A",C,-10.37
6,1AHW,"TC121A,KC122A",2,"B,A",C,-10.91
7,1AHW,"KC165A,KC166A",2,"B,A",C,-12.88
8,1BJ1,"LH72V,TH74V",2,"H,L","V,W",-10.98
9,1BJ1,"LH72I,TH74K",2,"H,L","V,W",-11.57
10,1BJ1,"HH101Y,YH103I,GH104A,SH105K",4,"H,L","V,W",-12.08
11,1BJ1,"TH28D,NH31H",2,"H,L","V,W",-12.34
12,1BJ1,"HH101Y,YH103R,GH104N,SH105T",4,"H,L","V,W",-12.41
13,1BJ1,"HH101Y,YH103R,GH104D,SH105N",4,"H,L","V,W",-12.64
14,1BJ1,"HH101Y,YH103W,SH105T",3,"H,L","V,W",-12.69
15,1BJ1,"HH101Y,YH103R,SH105T",3,"H,L","V,W",-12.82
16,1BJ1,"TH28D,NH31H,YH54W,HH101Y,SH105T",5,"H,L","V,W",-12.85
17,1BJ1,"HH101Y,SH105T",2,"H,L","V,W",-12.99
18,1BJ1,"TH28D,NH31H,HH101Y,SH105T",4,"H,L","V,W",-13.40
19,1BJ1,"ML4L,TH28D,NH31H,HH101Y,SH105T",5,"H,L","V,W",-13.44
20,1CZ8,"LL4M,DH28T,HH31N,YH101H,TH105S,LH72V,TH74V",7,"H,L","V,W",-10.98
21,1CZ8,"LL4M,DH28T,HH31N,YH101H,TH105S,LH72I,TH74K",7,"H,L","V,W",-11.57
22,1CZ8,"LL4M,DH28T,HH31N,YH101H,TH105S",5,"H,L","V,W",-11.65
23,1CZ8,"LL4M,DH28T,HH31N,YH101H,TH105S,YH54W",6,"H,L","V,W",-11.78
24,1CZ8,"LL4M,HH31N,YH101H,TH105S",4,"H,L","V,W",-11.87
25,1CZ8,"LL4M,DH28T,HH31N,YH101H",4,"H,L","V,W",-12.04
26,1CZ8,"LL4M,DH28T,HH31N,TH105K,YH103I,GH104A",6,"H,L","V,W",-12.08
27,1CZ8,"LL4M,YH101H,TH105S",3,"H,L","V,W",-12.34
28,1CZ8,"LL4M,DH28T,HH31N,YH103R,GH104N",5,"H,L","V,W",-12.41
29,1CZ8,"LL4M,DH28T,YH101H,TH105S",4,"H,L","V,W",-12.41
30,1CZ8,"LL4M,DH28T,HH31N,TH105N,YH103R,GH104D",6,"H,L","V,W",-12.64
31,1CZ8,"LL4M,DH28T,HH31N,YH103W",4,"H,L","V,W",-12.69
32,1CZ8,"LL4M,DH28T,HH31N,YH103R",4,"H,L","V,W",-12.82
33,1CZ8,"LL4M,YH54W",2,"H,L","V,W",-12.85
34,1CZ8,"LL4M,DH28T,HH31N",3,"H,L","V,W",-12.99
35,1CZ8,"LL4M,DH28T,HH31N,TH105S",4,"H,L","V,W",-13.23
36,1DQJ,"WB98A,KC97A",2,"B,A",C,-5.01
37,1DQJ,"NA32A,KC96A",2,"B,A",C,-5.87
38,1DQJ,"WB98A,SC100A",2,"B,A",C,-6.31
39,1DQJ,"WB98A,YC20A",2,"B,A",C,-6.56
40,1DQJ,"SA91A,YC20A",2,"B,A",C,-8.10
41,1DQJ,"YA96A,RC21A",2,"B,A",C,-8.19
42,1DQJ,"SA91A,RC21A",2,"B,A",C,-8.50
43,1DQJ,"YB53A,DC101A",2,"B,A",C,-8.94
44,1DQJ,"YB53A,WC63A",2,"B,A",C,-9.47
45,1DQJ,"YB53A,WC62A",2,"B,A",C,-10.38
46,1DQJ,"YB53A,LC75A",2,"B,A",C,-10.45
47,1DQJ,"DB32A,KC97A",2,"B,A",C,-10.55
48,1DQJ,"YA96A,SC100A",2,"B,A",C,-10.76
49,1DVF,"YA32A,RD100bA",2,"B,A","D,C",-6.22
50,1DVF,"EB98A,YD98A",2,"B,A","D,C",-6.23
51,1DVF,"DB54A,YC49A",2,"B,A","D,C",-6.37
52,1DVF,"DB100A,DD52A",2,"B,A","D,C",-6.55
53,1DVF,"WB52A,QD100A",2,"B,A","D,C",-6.70
54,1DVF,"DB100A,HD33A",2,"B,A","D,C",-6.72
55,1DVF,"DB100A,ND54A",2,"B,A","D,C",-6.78
56,1DVF,"YA49A,HD33A",2,"B,A","D,C",-8.24
57,1DVF,"NB56A,HD33A",2,"B,A","D,C",-8.34
58,1DVF,"NB56A,ND54A",2,"B,A","D,C",-8.57
59,1DVF,"YA49A,ND54A",2,"B,A","D,C",-8.84
60,1DVF,"NB56A,QD100A",2,"B,A","D,C",-9.38
61,1DVF,"DB58A,QD100A",2,"B,A","D,C",-9.40
62,1JRH,"SI71Y,DI72E,HI73Q,VI74I,GI75M,DI76Y,SI78D,NI79V,LI81A",9,"H,L",I,-7.75
63,1JRH,"AI103L,VI104M",2,"H,L",I,-10.07
64,1JRH,"II35N,PI37S,VI39T,VI41I",4,"H,L",I,-10.56
65,1JRH,"AI59S,II61T,HI65D",3,"H,L",I,-10.63
66,1JRH,"TI19L,EI21K",2,"H,L",I,-10.73
67,1JRH,"AI95D,KI98R,EI100K",3,"H,L",I,-10.75
68,1JRH,"MI25L,II28V",2,"H,L",I,-10.92
69,1JRH,"VI83A,RI88K",2,"H,L",I,-10.92
70,1JRH,"SI54G,EI55G,II57R",3,"H,L",I,-14.18
71,1JRH,"EI55P,II57R",2,"H,L",I,-14.25
72,1JRH,"EI55P,II57L",2,"H,L",I,-14.26
73,1JRH,"SI54G,EI55P,II57K",3,"H,L",I,-14.69
74,1MHP,"SL91R,NL30E",2,"H,L",A,-8.28
75,1MHP,"TH50V,SH35V",2,"H,L",A,-8.28
76,1MHP,"TH50V,SH35A",2,"H,L",A,-8.93
77,1MHP,"TH33I,SH52T,GH53N,GH54N",4,"H,L",A,-9.10
78,1MHP,"TH50V,GH102S",2,"H,L",A,-9.34
79,1MHP,"TH33E,GH53Q",2,"H,L",A,-9.34
80,1MHP,"SH35A,GH102S",2,"H,L",A,-9.44
81,1MHP,"SH35V,GH102S",2,"H,L",A,-9.58
82,1MHP,"TH33I,SH52T,GH53Q,GH54F",4,"H,L",A,-9.75
83,1MHP,"WL90Q,FL33Y",2,"H,L",A,-10.14
84,1MHP,"NL30Y,SL91I",2,"H,L",A,-10.58
85,1MHP,"LH60D,KH64Q",2,"H,L",A,-10.97
86,1MHP,"LH60D,KH64E",2,"H,L",A,-11.15
87,1MHP,"TH50V,KH64E",2,"H,L",A,-11.37
88,1MHP,"TH50V,SL28Q",2,"H,L",A,-11.70
89,1MHP,"KH64E,SL28Q",2,"H,L",A,-11.87
90,1MHP,"KH64E,SL28Q,NL52Y",3,"H,L",A,-11.96
91,1MHP,"TH50V,KH64E,SL28Q,NL52Y",4,"H,L",A,-12.05
92,1MHP,"TH50V,SL28Q,NL52Y",3,"H,L",A,-12.21
93,1MHP,"TH50V,KH64E,SL28Q,NL52E",4,"H,L",A,-12.28
94,1MLC,"NA92A,TB28D,SB57V,TB58D,EB35S",5,"B,A",E,-9.49
95,1MLC,"NA92A,TB28D,SB57V,TB58D,SA91N",5,"B,A",E,-9.55
96,1MLC,"NA92A,TB28D,SB57V,TB58D,YB32R,RB98S",6,"B,A",E,-9.55
97,1MLC,"NA92A,TB28D,SB57V,TB58D,YB32W,RB98V,DB100Q",7,"B,A",E,-11.04
98,1MLC,"NA92A,TB28D,SB57V,TB58D,GB99D",5,"B,A",E,-11.60
99,1MLC,"NA92A,TB28D,SB57V,TB58D,RB98M,DB100Q",6,"B,A",E,-11.81
100,1MLC,"NA32G,NA92A",2,"B,A",E,-12.09
101,1MLC,"SB57V,TB58D",2,"B,A",E,-12.39
102,1MLC,"NA92A,TB28D,SB57V,TB58D,YB59E",5,"B,A",E,-12.87
103,1MLC,"NA92A,TB28D,SB57V,TB58D,SA91N,SA93A",6,"B,A",E,-13.01
104,1MLC,"NA32G,NA92A,SB57V,TB58D",4,"B,A",E,-13.14
105,1MLC,"NA92A,TB28D,SB57V,TB58D,SB30G",5,"B,A",E,-13.76
106,1MLC,"NA92A,SB57V,TB58D",3,"B,A",E,-13.80
107,1MLC,"NA92A,TB28D,SB57V,TB58D,NA32L",5,"B,A",E,-13.99
108,1MLC,"NA92A,TB28D,SB57V,TB58D",4,"B,A",E,-14.14
109,1MLC,"NA92A,TB28D,SB57V,TB58D,EB35S,GB99D",6,"B,A",E,-14.36
110,1N8Z,"NA30S,HA91F,YA92W,TA94S,DB102W,YB105F,YB109V",7,"B,A",C,-12.85
111,1N8Z,"NA30S,HA91F,YA92W",3,"B,A",C,-12.97
112,1VFB,"WA92A,IC124A",2,"B,A",C,-6.93
113,1VFB,"WA92A,QC121A",2,"B,A",C,-7.26
114,1VFB,"WA92A,RC125A",2,"B,A",C,-7.39
115,1VFB,"DB100A,SC24A",2,"B,A",C,-7.41
116,1VFB,"WA92A,LC129A",2,"B,A",C,-7.47
117,1VFB,"YA32A,IC124A",2,"B,A",C,-7.87
118,1VFB,"YB101F,DC119A",2,"B,A",C,-8.04
119,1VFB,"YB101F,VC120A",2,"B,A",C,-8.24
120,1VFB,"WB52A,DC119A",2,"B,A",C,-8.53
121,1VFB,"YA32A,QC121A",2,"B,A",C,-9.19
122,1VFB,"YB32A,KC116A",2,"B,A",C,-9.19
123,1VFB,"YA50A,DC18A",2,"B,A",C,-9.51
124,1VFB,"DB54A,TC118A",2,"B,A",C,-9.53
125,1VFB,"YA50A,DC119A",2,"B,A",C,-9.55
126,1YQV,"RY68K,TY40S,IY55V,SY91T",4,"H,L",Y,-9.40
127,1YQV,"RY68K,TY40S,IY55V,SY91T,QY121H",5,"H,L",Y,-14.51
128,1YY9,"SC26D,TC31E,NC93A,ND56A,TD61E",5,"D,C",A,-13.35
129,1YY9,"TC31E,NC93A",2,"D,C",A,-13.52
130,1YY9,"SC26D,TC31E,NC93A",3,"D,C",A,-14.03
131,2B2X,"VH50T,EH64K,QL28S,YL52N,SH35Q",5,"H,L",A,-8.28
132,2B2X,"VH50T,EH64K,QL28S,YL52N,SL91R",5,"H,L",A,-8.28
133,2B2X,"VH50T,EH64K,QL28S,YL52N,SL91R,NL30E",6,"H,L",A,-8.28
134,2B2X,"VH50T,EH64K,QL28S,YL52N,TH33N",5,"H,L",A,-8.28
135,2B2X,"VH50T,EH64K,QL28S,YL52N,GH100L",5,"H,L",A,-8.28
136,2B2X,"EH64K,QL28S,YL52N,SH35V",4,"H,L",A,-8.28
137,2B2X,"VH50T,EH64K,QL28S,YL52N,SL91T",5,"H,L",A,-8.69
138,2B2X,"VH50T,EH64K,QL28S,YL52N,SH52M",5,"H,L",A,-8.93
139,2B2X,"VH50T,EH64K,QL28S,YL52N,YH58Q",5,"H,L",A,-8.93
140,2B2X,"VH50T,EH64K,QL28S,YL52N,YH58E",5,"H,L",A,-8.93
141,2B2X,"VH50T,EH64K,QL28S,YL52N,WL90Q",5,"H,L",A,-8.93
142,2B2X,"EH64K,QL28S,YL52N,SH35A",4,"H,L",A,-8.93
143,2B2X,"VH50T,EH64K,QL28S,YL52N,NL30Y",5,"H,L",A,-9.10
144,2B2X,"VH50T,EH64K,QL28S,YL52N,LL49W",5,"H,L",A,-9.10
145,2B2X,"VH50T,EH64K,QL28S,YL52N,TH33I,SH52T,GH53N,GH54N",8,"H,L",A,-9.10
146,2B2X,"VH50T,EH64K,QL28S,YL52N,SL91Q",5,"H,L",A,-9.23
147,2B2X,"EH64K,QL28S,YL52N,GH102S",4,"H,L",A,-9.34
148,2B2X,"VH50T,EH64K,QL28S,YL52N,TH33E,GH53Q",6,"H,L",A,-9.34
149,2B2X,"VH50T,EH64K,QL28S,YL52N,NL30W",5,"H,L",A,-9.44
150,2B2X,"VH50T,EH64K,QL28S,YL52N,GL92Q",5,"H,L",A,-9.44
151,2B2X,"VH50T,EH64K,QL28S,YL52N,SH35A",5,"H,L",A,-9.44
152,2B2X,"VH50T,EH64K,QL28S,YL52N,SH35A,GH102S",6,"H,L",A,-9.44
153,2B2X,"VH50T,EH64K,QL28S,YL52N,SH35V,GH102S",6,"H,L",A,-9.58
154,2B2X,"VH50T,EH64K,QL28S,YL52N,GH54I",5,"H,L",A,-9.65
155,2B2X,"VH50T,EH64K,QL28S,YL52N,RH31Q",5,"H,L",A,-9.70
156,2B2X,"VH50T,EH64K,QL28S,YL52N,HL31W",5,"H,L",A,-9.75
157,2B2X,"VH50T,EH64K,QL28S,YL52N,GH53N",5,"H,L",A,-9.75
158,2B2X,"VH50T,EH64K,QL28S,YL52N,TH33I,SH52T,GH53Q,GH54F",8,"H,L",A,-9.75
159,2B2X,"VH50T,EH64K,QL28S,YL52N,HL31K",5,"H,L",A,-9.84
160,2B2X,"VH50T,EH64K,QL28S,YL52N,GH54T",5,"H,L",A,-9.84
161,2B2X,"VH50T,EH64K,QL28S,YL52N,HL31R",5,"H,L",A,-9.89
162,2B2X,"VH50T,EH64K,QL28S,YL52N,NL30V",5,"H,L",A,-9.96
163,2B2X,"VH50T,EH64K,QL28S,YL52N,LL49K",5,"H,L",A,-10.08
164,2B2X,"VH50T,EH64K,QL28S,YL52N,WL90Q,FL33Y",6,"H,L",A,-10.14
165,2B2X,"VH50T,EH64K,QL28S,YL52R",4,"H,L",A,-10.16
166,2B2X,"VH50T,EH64K,QL28S,YL52N,YH58W",5,"H,L",A,-10.19
167,2B2X,"VH50T,EH64K,QL28S,YL52N,FH99Y",5,"H,L",A,-10.25
168,2B2X,"VH50T,EH64K,QL28S,YL52N,LL49F",5,"H,L",A,-10.30
169,2B2X,"VH50T,EH64K,QL28S,YL52N,GH53S",5,"H,L",A,-10.33
170,2B2X,"VH50T,EH64K,QL28S,YL52K",4,"H,L",A,-10.35
171,2B2X,"VH50T,EH64K,QL28S,YL52N,GH100F",5,"H,L",A,-10.44
172,2B2X,"VH50T,EH64K,QL28S,YL52N,GH100S",5,"H,L",A,-10.45
173,2B2X,"VH50T,EH64K,QL28S,YL52N,YH59E",5,"H,L",A,-10.47
174,2B2X,"VH50T,EH64K,QL28S,YL52N,GL92S",5,"H,L",A,-10.50
175,2B2X,"VH50T,EH64K,QL28S,YL52N,GH53A",5,"H,L",A,-10.50
176,2B2X,"VH50T,EH64K,QL28S,YL52D",4,"H,L",A,-10.51
177,2B2X,"VH50T,EH64K,QL28S,YL52N,TH33V",5,"H,L",A,-10.58
178,2B2X,"VH50T,EH64K,QL28S,YL52N,NL30Y,SL91I",6,"H,L",A,-10.58
179,2B2X,"VH50T,EH64K,QL28S,YL52N,GH100M",5,"H,L",A,-10.91
180,2B2X,"VH50T,EH64Q,QL28S,YL52N,LH60D",5,"H,L",A,-10.97
181,2B2X,"VH50T,EH64K,QL28S,YL52N",4,"H,L",A,-11.01
182,2B2X,"VH50T,EH64K,QL28S,YL52N,GH54Y",5,"H,L",A,-11.01
183,2B2X,"VH50T,EH64K,QL28S,YL52N,FH99W",5,"H,L",A,-11.01
184,2B2X,"VH50T,EH64K,QL28S,YL52N,SL24R",5,"H,L",A,-11.08
185,2B2X,"VH50T,EH64N,QL28S,YL52N",4,"H,L",A,-11.08
186,2B2X,"VH50T,EH64K,QL28S",3,"H,L",A,-11.11
187,2B2X,"VH50T,EH64K,QL28S,YL52N,LH60D",5,"H,L",A,-11.13
188,2B2X,"VH50T,QL28S,YL52N,LH60D",4,"H,L",A,-11.15
189,2B2X,"VH50T,QL28S,YL52N",3,"H,L",A,-11.16
190,2B2X,"VH50T,EH64Q,QL28S,YL52N",4,"H,L",A,-11.16
191,2B2X,"VH50T,EH64K,QL28S,YL52E",4,"H,L",A,-11.19
192,2B2X,"VH50T,EH64D,QL28S,YL52N",4,"H,L",A,-11.23
193,2B2X,"EH64K,QL28S,YL52N",3,"H,L",A,-11.27
194,2B2X,"QL28S,YL52N",2,"H,L",A,-11.37
195,2B2X,"VH50T,EH64K,YL52N",3,"H,L",A,-11.68
196,2B2X,"EH64K,YL52N",2,"H,L",A,-11.70
197,2B2X,"VH50T,YL52N",2,"H,L",A,-11.87
198,2NY7,"WG95M,MG433A,CG96W,CG275V",4,"H,L",G,-8.99
199,2NY7,"WG95M,MG433A,CG96W,CG275V,KG231C,EG267C",6,"H,L",G,-9.60
200,2NY7,"WG95M,MG433A,CG96W,CG275V,CG109I,CG428Q",6,"H,L",G,-9.70
201,2NY7,"KG231C,EG267C,WG95M,MG433A,CG96W,CG275V,CG109I,CG428Q",8,"H,L",G,-9.75
202,2NY7,"KG231C,EG268C,WG95M,MG433A,CG96W,CG275V,CG109I,CG428Q",8,"H,L",G,-9.85
203,2NY7,"GG431C,WG95M,MG433A,CG96W,CG275V,CG109I,CG428Q",7,"H,L",G,-9.93
204,2NY7,"CG109I,CG428Q,MG433A",3,"H,L",G,-9.94
205,2NY7,"CG109I,CG428Q",2,"H,L",G,-9.95
206,2NY7,"KG231C,EG267C,CG109I,CG428Q",4,"H,L",G,-10.11
207,2NY7,"WG95M,SG257T,WG375S,MG433A,CG96W,CG275V,CG109I,CG428Q",8,"H,L",G,-10.45
208,2NY7,"GG431C,MG433A",2,"H,L",G,-10.53
209,2NYY,"KD30S,YD31D,DD32H,SD61P",4,"D,C",A,-13.46
210,2NYY,"VD37I,ED6Q",2,"D,C",A,-13.56
211,2NZ9,"SD30K,DD31Y,HD32D",3,"D,C",A,-13.51
212,3BDY,"DL27aN,PL27cA,RL27dK,SL28T,TL93S,TL94S",6,"H,L",V,-9.85
213,3BDY,"DL27aN,PL27cA,RL27dK,SL28T,YL53F,TL93S,TL94S",7,"H,L",V,-9.87
214,3BDY,"DL27aN,PL27cA,RL27dK,SL28T,TL93S,TL94S,KH30S,DH31G,TH53S,NH54E,GH96V,DH98V",12,"H,L",V,-11.57
215,3BDY,"DL27aN,PL27cA,RL27dK,SL28T,YL53F,TL93S,TL94S,KH30S,DH31G,TH53S,NH54E,GH96V,DH98V",13,"H,L",V,-11.63
216,3BDY,"DL27aN,PL27cA,RL27dK,SL28T,TL93S,TL94S,KH30S,DH31G,TH53S,NH54E,GH96V,DH98V,RH50A,RH58A",14,"H,L",V,-11.63
217,3BE1,"DL27aN,PL27cA,RL27dK,SL28T,TL93S,TL94S",6,"H,L",A,-11.18
218,3BE1,"DL27aN,PL27cA,RL27dK,SL28T,YL53F,TL93S,TL94S",7,"H,L",A,-11.22
219,3BE1,"DL27aN,PL27cA,RL27dK,SL28T,TL93S,TL94S,KH30S,DH31G,TH53S,NH54E,GH96V,DH98V",12,"H,L",A,-13.23
220,3BE1,"DL27aN,PL27cA,RL27dK,SL28T,TL93S,TL94S,KH30S,DH31G,TH53S,NH54E,GH96V,DH98V,YL32A,IL29A",14,"H,L",A,-13.23
221,3BE1,"DL27aN,PL27cA,RL27dK,SL28T,YL53F,TL93S,TL94S,KH30S,DH31G,TH53S,NH54E,GH96V,DH98V",13,"H,L",A,-13.23
222,3BE1,"DL27aN,PL27cA,RL27dK,SL28T,TL93S,TL94S,KH30S,DH31G,TH53S,NH54E,GH96V,DH98V,YL32A",13,"H,L",A,-13.64
223,3G6D,"EL3V,GL76R,TL77V,QL78E,EL80G,FH103A,HH104A,WH105A",8,"H,L",A,-10.02
224,3G6D,"TL89S,ML92I,VL93D,TL94K",4,"H,L",A,-13.85
225,3G6D,"EL3V,GL76R,TL77V,QL78E,EL80G,TL89S,ML92I,VL93D,TL94K",9,"H,L",A,-14.37
226,3G6D,"EL3V,GL76R,TL77V,QL78E,EL80G",5,"H,L",A,-14.50
227,3G6D,"EL3V,GL76R,TL77V,QL78E,EL80G,DH54N",6,"H,L",A,-14.53
228,3G6D,"KH210T,KH215T",2,"H,L",A,-14.78
229,3HFM,"YH50A,RY21A",2,"H,L",Y,-6.41
230,3HFM,"YL50A,KY96A",2,"H,L",Y,-6.62
231,3HFM,"WH98A,KY96A",2,"H,L",Y,-6.62
232,3HFM,"NL31A,KY96A",2,"H,L",Y,-6.88
233,3HFM,"YL50A,KY97A",2,"H,L",Y,-7.03
234,3HFM,"YH33A,KY97A",2,"H,L",Y,-7.12
235,3HFM,"YL50A,RY21A",2,"H,L",Y,-7.99
236,3HFM,"YL50F,YY20A",2,"H,L",Y,-8.13
237,3HFM,"WH98F,YY20A",2,"H,L",Y,-8.12
238,3HFM,"YL96A,RY21A",2,"H,L",Y,-8.60
239,3HFM,"DH32N,KY97A",2,"H,L",Y,-9.46
240,3HFM,"DH32A,KY97A",2,"H,L",Y,-9.76
241,3HFM,"YL50F,RY21A",2,"H,L",Y,-10.02
242,3HFM,"YL96F,RY21A",2,"H,L",Y,-10.17
243,3HFM,"DH32A,KY97M",2,"H,L",Y,-13.23
244,3HFM,"DH32N,KY97M",2,"H,L",Y,-14.05
245,3IDX,"TG123C,GG431C,MG433A",3,"H,L",G,-8.51
246,3IDX,"WG95M,MG433A,CG96W,CG275V,KG231C,EG267C",6,"H,L",G,-9.28
247,3IDX,"WG95M,MG433A,CG96W,CG275V",4,"H,L",G,-9.56
248,3IDX,"WG95M,SG257T,WG375S,MG433A,CG96W,CG275V,CG109I,CG428Q",8,"H,L",G,-10.78
249,3IDX,"CG109I,CG428Q,MG433A",3,"H,L",G,-11.09
250,3IDX,"KG231C,EG267C,WG95M,MG433A,CG96W,CG275V,CG109I,CG428Q",8,"H,L",G,-11.11
251,3IDX,"KG231C,EG268C,WG95M,MG433A,CG96W,CG275V,CG109I,CG428Q",8,"H,L",G,-11.21
252,3IDX,"TG123C,GG431C,WG95M,MG433A,CG96W,CG275V,CG109I,CG428Q",8,"H,L",G,-11.25
253,3IDX,"WG95M,MG433A,CG96W,CG275V,CG109I,CG428Q",6,"H,L",G,-11.27
254,3IDX,"KG231C,EG267C,CG109I,CG428Q",4,"H,L",G,-11.30
255,3IDX,"CG109I,CG428Q",2,"H,L",G,-11.38
256,3L5X,"NL92S,EL93S,YL94G",3,"H,L",A,-12.69
257,3L5X,"NL92S,EL93W,YL94A",3,"H,L",A,-12.75
258,3L5X,"NL92D,EL93L,YL94G",3,"H,L",A,-12.87
259,3L5X,"EL93F,YL94G",2,"H,L",A,-12.87
260,3L5X,"HL91P,NL92L,YL94A",3,"H,L",A,-12.89
261,3L5X,"NL92V,EL93G,YL94G",3,"H,L",A,-12.91
262,3L5X,"NL92D,EL93R,YL94D",3,"H,L",A,-12.97
263,3L5X,"NL92S,EL93V,YL94G",3,"H,L",A,-12.96
264,3L5X,"NL92D,EL93N,YL94S",3,"H,L",A,-12.98
265,3L5X,"NL92L,EL93D,YL94S",3,"H,L",A,-13.00
266,3L5X,"HL91P,NL92L,EL93D,YL94S",4,"H,L",A,-13.08
267,3L5X,"NL92L,EL93L,YL94G",3,"H,L",A,-13.07
268,3L5X,"HL91P,NL92I,EL93D,YL94A",4,"H,L",A,-13.09
269,3L5X,"NL92L,EL93N,YL94G",3,"H,L",A,-13.14
270,3L5X,"NL92D,EL93W,YL94S",3,"H,L",A,-13.16
271,3L5X,"EL93H,YL94G",2,"H,L",A,-13.21
272,3L5X,"HL91P,NL92L,EL93D,YL94T",4,"H,L",A,-13.26
273,3L5X,"NL92D,EL93Y,YL94A",3,"H,L",A,-13.25
274,3L5X,"NL92S,EL93I,YL94G",3,"H,L",A,-13.25
275,3L5X,"NL92L,EL93M,YL94G",3,"H,L",A,-13.27
276,3L5X,"NL92V,EL93W,YL94G",3,"H,L",A,-13.28
277,3L5X,"HL91P,NL92L,EL93D,YL94V",4,"H,L",A,-13.30
278,3L5X,"NL92S,EL93Y,YL94G",3,"H,L",A,-13.41
279,3L5X,"NL92D,EL93W,YL94E",3,"H,L",A,-13.64
280,3L5X,"NL92F,EL93W,YL94G",3,"H,L",A,-13.68
281,3L5X,"NL92S,EL93H,YL94G",3,"H,L",A,-13.69
282,3L5X,"NL92S,EL93W,YL94G",3,"H,L",A,-13.72
283,3L5X,"NL92E,EL93S,YL94G",3,"H,L",A,-13.71
284,3L5X,"HL91Q,NL92D,EL93Y,YL94G",4,"H,L",A,-13.90
285,3L5X,"NL92D,EL93P,YL94G",3,"H,L",A,-13.92
286,3L5X,"HL91Q,NL92D,EL93I,YL94G",4,"H,L",A,-14.00
287,3L5X,"NL92E,EL93W,YL94G",3,"H,L",A,-14.00
288,3L5X,"NL92D,EL93W,YL94G",3,"H,L",A,-14.13
289,3L5X,"HL91Q,NL92D,EL93L,YL94G",4,"H,L",A,-14.23
290,3LZF,"DA190E,DA225G",2,"H,L","A,B",-11.61
291,3NGB,"TH33Y,GH55S,AH56G,VH57T,PH62K,VH73T,YH74S",7,"H,L",G,-9.30
292,3NGB,"AH56G,VH57T,PH62K,VH73T",4,"H,L",G,-9.57
293,3NGB,"IH30T,KH52N,RH53N,GH54S,AH56G,VH57T,RH61Q,PH62K,VH73T,YH74S,YL28S",11,"H,L",G,-10.38
294,3NGB,"CH32S,CH98A",2,"H,L",G,-10.98
295,4GXU,"DA190E,DA225G",2,"M,N","A,B,C,D,E,F",-8.19
296,4JPK,"DA159N,DA33N",2,"H,L",A,-9.42
297,4KRL,"DA355T,FA357A",2,B,A,-7.23
298,4KRO,"DA355T,FA357A",2,B,A,-8.82
299,4KRP,"DA355T,FA357A",2,B,A,-8.89
300,5C6T,"YA280A,NA293A,DA295A",3,"H,L",A,-10.54
301,5C6T,"NA293A,DA295A",2,"H,L",A,-12.90