ID,PDB,mutation,chain,partner chains,Exp. DDG,source,complex group,Method
1,1AHW,D178A,C,"A,B",0.48,SKEMPI2,1,IASP
2,1AHW,L176A,C,"A,B",-0.99,SKEMPI2,1,IASP
3,1AHW,N199A,C,"A,B",-1.08,SKEMPI2,1,IASP
4,1AHW,T167A,C,"A,B",0.07,SKEMPI2,1,IASP
5,1AHW,T170A,C,"A,B",-1.11,SKEMPI2,1,IASP
6,1AHW,T197A,C,"A,B",-1.35,SKEMPI2,1,IASP
7,1AHW,V198A,C,"A,B",0.31,SKEMPI2,1,IASP
8,1AHW,Y156A,C,"A,B",-3.81,SKEMPI2,1,IASP
9,1AHW,Y157A,C,"A,B",1.89,SKEMPI2,1,IASP
10,1AK4,A488G,D,A,-2.49,SKEMPI2(AB_BIND),2,SPR
11,1AK4,A488V,D,A,-0.6,SKEMPI2(AB_BIND),2,SPR
12,1AK4,A492G,D,A,-0.41,SKEMPI2(AB_BIND),2,SPR
13,1AK4,A492V,D,A,-0.19,SKEMPI2(AB_BIND),2,SPR
14,1AK4,G489A,D,A,-1.91,SKEMPI2(AB_BIND),2,SPR
15,1AK4,G489V,D,A,-2.86,SKEMPI2(AB_BIND),2,SPR
16,1AK4,H487A,D,A,-0.84,SKEMPI2(AB_BIND),2,SPR
17,1AK4,H487Q,D,A,-0.8,SKEMPI2(AB_BIND),2,SPR
18,1AK4,H487R,D,A,-1.48,SKEMPI2(AB_BIND),2,SPR
19,1AK4,I491A,D,A,-0.07,SKEMPI2(AB_BIND),2,SPR
20,1AK4,I491V,D,A,0.17,SKEMPI2(AB_BIND),2,SPR
21,1AK4,P485A,D,A,-0.92,SKEMPI2(AB_BIND),2,SPR
22,1AK4,P490A,D,A,-2,SKEMPI2(AB_BIND),2,SPR
23,1AK4,P490V,D,A,-2.86,SKEMPI2(AB_BIND),2,SPR
24,1AK4,P493A,D,A,-0.51,SKEMPI2(AB_BIND),2,SPR
25,1AK4,V486A,D,A,-0.82,SKEMPI2(AB_BIND),2,SPR
26,1AO7,A52P,E,"A,B,C",0.33,SKEMPI2,3,SPR
27,1AO7,G101P,E,"A,B,C",-0.45,SKEMPI2,3,SPR
28,1AO7,K103P,D,"A,B,C",0.27,SKEMPI2,3,SPR
29,1AO7,R27P,D,"A,B,C",-0.31,SKEMPI2,3,SPR
30,1AO7,R102P,E,"A,B,C",1.94,SKEMPI2,3,SPR
31,1BJ1,E93A,W,"H,L",-0.82,SKEMPI2(AB_BIND),4,SPR
32,1BJ1,F17A,V,"H,L",0,SKEMPI2(AB_BIND),4,SPR
33,1BJ1,G88A,W,"H,L",-2.76,SKEMPI2(AB_BIND),4,SPR
34,1BJ1,G92A,W,"H,L",-3.69,SKEMPI2(AB_BIND),4,SPR
35,1BJ1,H101Y,H,"V,W",1.58,SKEMPI2,4,SPR
36,1BJ1,H107A,H,"V,W",-0.79,SKEMPI2,4,SPR
37,1BJ1,H86A,W,"H,L",0,SKEMPI2(AB_BIND),4,SPR
38,1BJ1,H90A,W,"H,L",0,SKEMPI2(AB_BIND),4,SPR
39,1BJ1,I80A,W,"H,L",-0.82,SKEMPI2(AB_BIND),4,SPR
40,1BJ1,I83A,W,"H,L",-3.69,SKEMPI2(AB_BIND),4,SPR
41,1BJ1,I91A,W,"H,L",-0.41,SKEMPI2(AB_BIND),4,SPR
42,1BJ1,K48A,W,"H,L",-0.41,SKEMPI2(AB_BIND),4,SPR
43,1BJ1,K84A,W,"H,L",-0.65,SKEMPI2(AB_BIND),4,SPR
44,1BJ1,M81A,W,"H,L",-3.69,SKEMPI2(AB_BIND),4,SPR
45,1BJ1,M94A,W,"H,L",-1.42,SKEMPI2(AB_BIND),4,SPR
46,1BJ1,N31H,H,"V,W",0.76,SKEMPI2,4,SPR
47,1BJ1,Q79A,W,"H,L",0,SKEMPI2(AB_BIND),4,SPR
48,1BJ1,Q87A,W,"H,L",0,SKEMPI2(AB_BIND),4,SPR
49,1BJ1,Q89A,W,"H,L",-1.75,SKEMPI2(AB_BIND),4,SPR
50,1BJ1,R82A,W,"H,L",-3.69,SKEMPI2(AB_BIND),4,SPR
51,1BJ1,S105T,H,"V,W",0.39,SKEMPI2,4,SPR
52,1BJ1,T28D,H,"V,W",0.22,SKEMPI2,4,SPR
53,1BJ1,T59A,H,"V,W",-0.85,SKEMPI2,4,SPR
54,1BJ1,Y27A,H,"V,W",-2.24,SKEMPI2,4,SPR
55,1BJ1,Y54A,H,"V,W",-1.33,SKEMPI2,4,SPR
56,1BJ1,Y54W,H,"V,W",0.14,SKEMPI2,4,SPR
57,1BJ1,Y99A,H,"V,W",-4.44,SKEMPI2,4,SPR
58,1BJ1,Y21A,V,"H,L",0,SKEMPI2(AB_BIND),4,SPR
59,1BJ1,Y45A,W,"H,L",-0.82,SKEMPI2(AB_BIND),4,SPR
60,1CZ8,E93A,W,"H,L",-1.15,SKEMPI2(AB_BIND),5,SPR
61,1CZ8,F17A,V,"H,L",0,SKEMPI2(AB_BIND),5,SPR
62,1CZ8,G88A,W,"H,L",-2.67,SKEMPI2(AB_BIND),5,SPR
63,1CZ8,G92A,W,"H,L",-4.1,SKEMPI2(AB_BIND),5,SPR
64,1CZ8,H86A,W,"H,L",0,SKEMPI2(AB_BIND),5,SPR
65,1CZ8,H90A,W,"H,L",0,SKEMPI2(AB_BIND),5,SPR
66,1CZ8,I80A,W,"H,L",-0.95,SKEMPI2(AB_BIND),5,SPR
67,1CZ8,I83A,W,"H,L",-1.3,SKEMPI2(AB_BIND),5,SPR
68,1CZ8,I91A,W,"H,L",-1.06,SKEMPI2(AB_BIND),5,SPR
69,1CZ8,K48A,W,"H,L",0,SKEMPI2(AB_BIND),5,SPR
70,1CZ8,K84A,W,"H,L",-1.36,SKEMPI2(AB_BIND),5,SPR
71,1CZ8,L4M,L,"V,W",-0.04,SKEMPI2,5,SPR
72,1CZ8,M81A,W,"H,L",-4.1,SKEMPI2(AB_BIND),5,SPR
73,1CZ8,M94A,W,"H,L",-1.91,SKEMPI2(AB_BIND),5,SPR
74,1CZ8,Q79A,W,"H,L",-0.65,SKEMPI2(AB_BIND),5,SPR
75,1CZ8,Q87A,W,"H,L",0,SKEMPI2(AB_BIND),5,SPR
76,1CZ8,Q89A,W,"H,L",-1.06,SKEMPI2(AB_BIND),5,SPR
77,1CZ8,R82A,W,"H,L",-0.82,SKEMPI2(AB_BIND),5,SPR
78,1CZ8,Y21A,V,"H,L",0,SKEMPI2(AB_BIND),5,SPR
79,1CZ8,Y45A,W,"H,L",-1.94,SKEMPI2(AB_BIND),5,SPR
80,1DQJ,D101A,C,"H,L",-1.3,SKEMPI2(AB_BIND),6,SPR
81,1DQJ,D32A,H,C,-2,SKEMPI2(AB_BIND),6,SPR
82,1DQJ,K96A,C,"H,L",-6.1,SKEMPI2(AB_BIND),6,SPR
83,1DQJ,K97A,C,"H,L",-3.5,SKEMPI2(AB_BIND),6,SPR
84,1DQJ,L75A,C,"H,L",-1.5,SKEMPI2(AB_BIND),6,SPR
85,1DQJ,N93A,C,"H,L",-0.6,SKEMPI2(AB_BIND),6,SPR
86,1DQJ,N31A,L,C,-2,SKEMPI2(AB_BIND),6,SPR
87,1DQJ,N32A,L,C,-4.1,SKEMPI2(AB_BIND),6,SPR
88,1DQJ,R21A,C,"H,L",-1.3,SKEMPI2(AB_BIND),6,SPR
89,1DQJ,S100A,C,"H,L",-0.8,SKEMPI2(AB_BIND),6,SPR
90,1DQJ,S91A,L,C,-1.4,SKEMPI2(AB_BIND),6,SPR
91,1DQJ,T89A,C,"H,L",-0.8,SKEMPI2(AB_BIND),6,SPR
92,1DQJ,W62A,C,"H,L",-0.8,SKEMPI2(AB_BIND),6,SPR
93,1DQJ,W63A,C,"H,L",-1.3,SKEMPI2(AB_BIND),6,SPR
94,1DQJ,W98A,H,C,-4.9,SKEMPI2(AB_BIND),6,SPR
95,1DQJ,Y20A,C,"H,L",-3.3,SKEMPI2(AB_BIND),6,SPR
96,1DQJ,Y33A,H,C,-5.5,SKEMPI2(AB_BIND),6,SPR
97,1DQJ,Y50A,H,C,-6.9,SKEMPI2(AB_BIND),6,SPR
98,1DQJ,Y53A,H,C,-1.2,SKEMPI2(AB_BIND),6,SPR
99,1DQJ,Y50A,L,C,-2.7,SKEMPI2(AB_BIND),6,SPR
100,1DQJ,Y96A,L,C,-1.1,SKEMPI2(AB_BIND),6,SPR
101,1DVF,D100A,B,"C,D",-2.82,SKEMPI2(AB_BIND),7,SPR
102,1DVF,D54A,B,"C,D",-4.32,SKEMPI2(AB_BIND),7,SPR
103,1DVF,D58A,B,"C,D",-1.62,SKEMPI2(AB_BIND),7,SPR
104,1DVF,D52A,D,"A,B",-1.7,SKEMPI2(AB_BIND),7,SPR
105,1DVF,E98A,B,"C,D",-4.23,SKEMPI2(AB_BIND),7,SPR
106,1DVF,H30A,A,"C,D",-1.67,SKEMPI2(AB_BIND),7,SPR
107,1DVF,H33A,D,"A,B",-1.88,SKEMPI2(AB_BIND),7,SPR
108,1DVF,I101A,D,"A,B",-2.71,SKEMPI2(AB_BIND),7,SPR
109,1DVF,K30A,D,"A,B",-1.01,SKEMPI2(AB_BIND),7,SPR
110,1DVF,N56A,B,"C,D",-1.17,SKEMPI2(AB_BIND),7,SPR
111,1DVF,N55A,D,"A,B",-1.88,SKEMPI2(AB_BIND),7,SPR
112,1DVF,Q104A,D,"A,B",-1.64,SKEMPI2(AB_BIND),7,SPR
113,1DVF,R99A,B,"C,D",-1.89,SKEMPI2(AB_BIND),7,SPR
114,1DVF,R106A,D,"A,B",-4.13,SKEMPI2(AB_BIND),7,SPR
115,1DVF,S93A,A,"C,D",-1.17,SKEMPI2(AB_BIND),7,SPR
116,1DVF,T30A,B,"C,D",-0.92,SKEMPI2(AB_BIND),7,SPR
117,1DVF,W92A,A,"C,D",-0.34,SKEMPI2(AB_BIND),7,SPR
118,1DVF,W52A,B,"C,D",-4.17,SKEMPI2(AB_BIND),7,SPR
119,1DVF,Y32A,A,"C,D",-2.05,SKEMPI2(AB_BIND),7,SPR
120,1DVF,Y49A,A,"C,D",-1.7,SKEMPI2(AB_BIND),7,SPR
121,1DVF,Y50A,A,"C,D",-0.69,SKEMPI2(AB_BIND),7,SPR
122,1DVF,Y101F,B,"C,D",-2.03,SKEMPI2(AB_BIND),7,SPR
123,1DVF,Y32A,B,"C,D",-1.85,SKEMPI2(AB_BIND),7,SPR
124,1DVF,Y49A,C,"A,B",-1.88,SKEMPI2(AB_BIND),7,SPR
125,1DVF,Y102A,D,"A,B",-4.79,SKEMPI2(AB_BIND),7,SPR
126,1FC2,F149A,C,D,-0.06,SKEMPI2,8,SPR
127,1FC2,F149W,C,D,0,SKEMPI2,8,FL
128,1FC2,I135W,C,D,-3.14,SKEMPI2,8,FL
129,1FC2,I150A,C,D,-5.27,SKEMPI2,8,SPR
130,1FC2,K154A,C,D,-1.53,SKEMPI2,8,SPR
131,1FC2,L136D,C,D,-1.43,SKEMPI2,8,SPR
132,1FC2,L163W,C,D,0,SKEMPI2,8,FL
133,1FC2,N147A,C,D,-0.61,SKEMPI2,8,SPR
134,1FC2,Y133W,C,D,-0.41,SKEMPI2,8,FL
135,1FCC,D40A,C,"A,B",-0.27,SKEMPI2,9,FL
136,1FCC,E42A,C,"A,B",-0.39,SKEMPI2,9,FL
137,1FCC,K28A,C,"A,B",-1.26,SKEMPI2,9,FL
138,1FCC,K31A,C,"A,B",-3.48,SKEMPI2,9,FL
139,1FCC,N35A,C,"A,B",-2.36,SKEMPI2,9,FL
140,1FCC,T25A,C,"A,B",-0.24,SKEMPI2,9,FL
141,1FCC,W43A,C,"A,B",-3.77,SKEMPI2,9,FL
142,1FFW,A90V,A,B,-0.09,SKEMPI2(AB_BIND),10,ELISA
143,1FFW,D13K,A,B,-0.05,SKEMPI2(AB_BIND),10,ELISA
144,1FFW,E117K,A,B,-0.71,SKEMPI2(AB_BIND),10,ELISA
145,1FFW,E93K,A,B,-0.82,SKEMPI2(AB_BIND),10,ELISA
146,1FFW,F111V,A,B,-1.26,SKEMPI2(AB_BIND),10,ELISA
147,1FFW,T112I,A,B,-0.56,SKEMPI2(AB_BIND),10,ELISA
148,1FFW,T87I,A,B,0.32,SKEMPI2(AB_BIND),10,ELISA
149,1FFW,V108M,A,B,-1.13,SKEMPI2(AB_BIND),10,ELISA
150,1FFW,Y106W,A,B,-0.71,SKEMPI2(AB_BIND),10,ELISA
151,1JRH,D54A,H,I,-1.89,SKEMPI2,11,SPR
152,1JRH,D55A,H,I,-1.67,SKEMPI2,11,SPR
153,1JRH,D56A,H,I,-1.85,SKEMPI2,11,SPR
154,1JRH,D28A,L,I,-0.43,SKEMPI2,11,SPR
155,1JRH,E45Q,I,"H,L",-0.11,SKEMPI2(AB_BIND),11,SPR
156,1JRH,E55A,I,"H,L",0.43,SKEMPI2,11,SPR
157,1JRH,E55P,I,"H,L",3.79,SKEMPI2,11,SPR
158,1JRH,E27A,L,I,-0.54,SKEMPI2,11,SPR
159,1JRH,F98A,H,I,0,SKEMPI2,11,SPR
160,1JRH,G50A,I,"H,L",-4.53,SKEMPI2,11,SPR
161,1JRH,H100BA,H,I,-1.7,SKEMPI2,11,SPR
162,1JRH,K47A,I,"H,L",-3.58,SKEMPI2,11,SPR
163,1JRH,K47M,I,"H,L",-3.29,SKEMPI2,11,SPR
164,1JRH,K52A,I,"H,L",-2.98,SKEMPI2,11,SPR
165,1JRH,K52M,I,"H,L",-4.91,SKEMPI2,11,SPR
166,1JRH,K98A,I,"H,L",0.04,SKEMPI2,11,SPR
167,1JRH,N48A,I,"H,L",0.29,SKEMPI2,11,SPR
168,1JRH,N48Q,I,"H,L",-0.36,SKEMPI2,11,SPR
169,1JRH,N53A,I,"H,L",-3.89,SKEMPI2,11,SPR
170,1JRH,N79A,I,"H,L",0.4,SKEMPI2,11,SPR
171,1JRH,R95A,H,I,-0.54,SKEMPI2,11,SPR
172,1JRH,R84A,I,"H,L",0.25,SKEMPI2,11,SPR
173,1JRH,S54A,I,"H,L",-0.3,SKEMPI2,11,SPR
174,1JRH,S93A,L,I,0.65,SKEMPI2,11,SPR
175,1JRH,T14V,I,"H,L",0.02,SKEMPI2(AB_BIND),11,SPR
176,1JRH,T94A,L,I,-0.39,SKEMPI2,11,SPR
177,1JRH,V51A,I,"H,L",-1.88,SKEMPI2,11,SPR
178,1JRH,W52A,H,I,-2.69,SKEMPI2,11,SPR
179,1JRH,W53A,H,I,-2.42,SKEMPI2,11,SPR
180,1JRH,W56F,I,"H,L",0.66,SKEMPI2,11,SPR
181,1JRH,W56Y,I,"H,L",-0.02,SKEMPI2,11,SPR
182,1JRH,W82A,I,"H,L",-4.53,SKEMPI2,11,SPR
183,1JRH,W82F,I,"H,L",-1.11,SKEMPI2,11,SPR
184,1JRH,W82Y,I,"H,L",-1.14,SKEMPI2,11,SPR
185,1JRH,W92A,L,I,-2.82,SKEMPI2,11,SPR
186,1JRH,W96A,L,I,-1.67,SKEMPI2,11,SPR
187,1JRH,Y32A,H,I,-1.43,SKEMPI2,11,SPR
188,1JRH,Y58A,H,I,-1.26,SKEMPI2,11,SPR
189,1JRH,Y99A,H,I,-1.06,SKEMPI2,11,SPR
190,1JRH,Y49A,I,"H,L",-3.4,SKEMPI2,11,SPR
191,1JRH,Y49F,I,"H,L",-0.79,SKEMPI2,11,SPR
192,1JRH,Y30A,L,I,-1.11,SKEMPI2,11,SPR
193,1JRH,Y91A,L,I,-0.58,SKEMPI2,11,SPR
194,1JTG,D49A,B,A,-1.98,SKEMPI2(AB_BIND),12,IASP
195,1JTG,K234A,A,B,-0.82,SKEMPI2(AB_BIND),12,SPR
196,1JTG,R243A,A,B,-0.56,SKEMPI2(AB_BIND),12,SPR
197,1JTG,S130A,A,B,-0.5,SKEMPI2(AB_BIND),12,SPR
198,1JTG,S235A,A,B,-1.32,SKEMPI2(AB_BIND),12,SPR
199,1KIP,A32Y,B,C,0.8,SKEMPI2,13,ITC
200,1KIQ,F101Y,B,C,2.49,SKEMPI2,14,ITC
201,1KIR,S50Y,A,C,1.39,SKEMPI2,15,ITC
202,1KTZ,D118A,B,A,-0.9,SKEMPI2(AB_BIND),16,SPR
203,1KTZ,D32A,B,A,-1.4,SKEMPI2(AB_BIND),16,SPR
204,1KTZ,D32N,B,A,-1.7,SKEMPI2(AB_BIND),16,SPR
205,1KTZ,E119A,B,A,-1.4,SKEMPI2(AB_BIND),16,SPR
206,1KTZ,E119Q,B,A,-1.7,SKEMPI2(AB_BIND),16,SPR
207,1KTZ,E55A,B,A,-1.3,SKEMPI2(AB_BIND),16,SPR
208,1KTZ,E75A,B,A,-1,SKEMPI2(AB_BIND),16,SPR
209,1KTZ,F110A,B,A,-0.9,SKEMPI2(AB_BIND),16,SPR
210,1KTZ,F30A,B,A,-2.9,SKEMPI2(AB_BIND),16,SPR
211,1KTZ,H79A,B,A,-0.4,SKEMPI2(AB_BIND),16,SPR
212,1KTZ,I125A,B,A,-0.5,SKEMPI2(AB_BIND),16,SPR
213,1KTZ,I50A,B,A,-1.9,SKEMPI2(AB_BIND),16,SPR
214,1KTZ,I53A,B,A,-1.2,SKEMPI2(AB_BIND),16,SPR
215,1KTZ,L27A,B,A,-1.9,SKEMPI2(AB_BIND),16,SPR
216,1KTZ,M112A,B,A,-0.8,SKEMPI2(AB_BIND),16,SPR
217,1KTZ,N47A,B,A,-0.3,SKEMPI2(AB_BIND),16,SPR
218,1KTZ,S49A,B,A,-0.5,SKEMPI2(AB_BIND),16,SPR
219,1KTZ,S52A,B,A,-0.4,SKEMPI2(AB_BIND),16,SPR
220,1KTZ,S52L,B,A,-3.7,SKEMPI2(AB_BIND),16,SPR
221,1KTZ,T51A,B,A,-1.3,SKEMPI2(AB_BIND),16,SPR
222,1KTZ,V62A,B,A,-0.7,SKEMPI2(AB_BIND),16,SPR
223,1KTZ,V77A,B,A,-0.5,SKEMPI2(AB_BIND),16,SPR
224,1MHP,F99W,H,A,0,SKEMPI2(AB_BIND),17,KinExA
225,1MHP,F99Y,H,A,-0.76,SKEMPI2(AB_BIND),17,ELISA
226,1MHP,G100F,H,A,-0.57,SKEMPI2(AB_BIND),17,KinExA
227,1MHP,G100L,H,A,-2.73,SKEMPI2(AB_BIND),17,ELISA
228,1MHP,G100M,H,A,-0.1,SKEMPI2(AB_BIND),17,KinExA
229,1MHP,G100S,H,A,-0.56,SKEMPI2(AB_BIND),17,ELISA
230,1MHP,G53A,H,A,-0.51,SKEMPI2(AB_BIND),17,ELISA
231,1MHP,G53N,H,A,-1.26,SKEMPI2(AB_BIND),17,ELISA
232,1MHP,G53S,H,A,-0.68,SKEMPI2(AB_BIND),17,ELISA
233,1MHP,G54I,H,A,-1.36,SKEMPI2(AB_BIND),17,ELISA
234,1MHP,G54T,H,A,-1.17,SKEMPI2(AB_BIND),17,ELISA
235,1MHP,G54Y,H,A,0,SKEMPI2(AB_BIND),17,KinExA
236,1MHP,G92Q,L,A,-1.58,SKEMPI2(AB_BIND),17,ELISA
237,1MHP,G92S,L,A,-0.51,SKEMPI2(AB_BIND),17,ELISA
238,1MHP,H31K,L,A,-1.17,SKEMPI2(AB_BIND),17,ELISA
239,1MHP,H31R,L,A,-1.12,SKEMPI2(AB_BIND),17,ELISA
240,1MHP,H31W,L,A,-1.26,SKEMPI2(AB_BIND),17,ELISA
241,1MHP,K64D,H,A,0.12,SKEMPI2(AB_BIND),17,KinExA
242,1MHP,K64E,H,A,0.16,SKEMPI2(AB_BIND),17,KinExA
243,1MHP,K64N,H,A,0.07,SKEMPI2(AB_BIND),17,KinExA
244,1MHP,K64Q,H,A,0.16,SKEMPI2(AB_BIND),17,KinExA
245,1MHP,L60D,H,A,0.12,SKEMPI2(AB_BIND),17,KinExA
246,1MHP,L49F,L,A,-0.71,SKEMPI2(AB_BIND),17,ELISA
247,1MHP,L49K,L,A,-0.93,SKEMPI2(AB_BIND),17,KinExA
248,1MHP,L49W,L,A,-1.91,SKEMPI2(AB_BIND),17,ELISA
249,1MHP,N30V,L,A,-1.05,SKEMPI2(AB_BIND),17,ELISA
250,1MHP,N30W,L,A,-1.58,SKEMPI2(AB_BIND),17,ELISA
251,1MHP,N30Y,L,A,-1.91,SKEMPI2(AB_BIND),17,ELISA
252,1MHP,N52D,L,A,-0.5,SKEMPI2(AB_BIND),17,ELISA
253,1MHP,N52E,L,A,0.18,SKEMPI2(AB_BIND),17,KinExA
254,1MHP,N52K,L,A,-0.66,SKEMPI2(AB_BIND),17,ELISA
255,1MHP,N52R,L,A,-0.85,SKEMPI2(AB_BIND),17,ELISA
256,1MHP,N52Y,L,A,0.1,SKEMPI2(AB_BIND),17,KinExA
257,1MHP,R31Q,H,A,-1.31,SKEMPI2(AB_BIND),17,ELISA
258,1MHP,S35A,H,A,-1.58,SKEMPI2(AB_BIND),17,ELISA
259,1MHP,S35Q,H,A,-2.73,SKEMPI2(AB_BIND),17,ELISA
260,1MHP,S52M,H,A,-2.08,SKEMPI2(AB_BIND),17,ELISA
261,1MHP,S24R,L,A,0.07,SKEMPI2(AB_BIND),17,KinExA
262,1MHP,S28Q,L,A,0.67,SKEMPI2(AB_BIND),17,SPR
263,1MHP,S91Q,L,A,-1.78,SKEMPI2(AB_BIND),17,ELISA
264,1MHP,S91R,L,A,-2.73,SKEMPI2(AB_BIND),17,ELISA
265,1MHP,S91T,L,A,-2.32,SKEMPI2(AB_BIND),17,ELISA
266,1MHP,T33N,H,A,-2.73,SKEMPI2(AB_BIND),17,ELISA
267,1MHP,T33V,H,A,-0.43,SKEMPI2(AB_BIND),17,ELISA
268,1MHP,T50V,H,A,0.26,SKEMPI2(AB_BIND),17,KinExA
269,1MHP,W90Q,L,A,-2.08,SKEMPI2(AB_BIND),17,ELISA
270,1MHP,Y58E,H,A,-2.08,SKEMPI2(AB_BIND),17,ELISA
271,1MHP,Y58Q,H,A,-2.08,SKEMPI2(AB_BIND),17,ELISA
272,1MHP,Y58W,H,A,-0.82,SKEMPI2(AB_BIND),17,ELISA
273,1MHP,Y59E,H,A,-0.54,SKEMPI2(AB_BIND),17,ELISA
274,1MLC,K65D,H,E,-0.02,SKEMPI2(AB_BIND),18,FL
275,1MLC,N32G,L,E,0.85,SKEMPI2(AB_BIND),18,FL
276,1MLC,N32Y,L,E,0,SKEMPI2(AB_BIND),18,FL
277,1MLC,N92A,L,E,1.25,SKEMPI2(AB_BIND),18,FL
278,1MLC,S57A,H,E,0.38,SKEMPI2(AB_BIND),18,FL
279,1MLC,S57V,H,E,0.49,SKEMPI2(AB_BIND),18,FL
280,1MLC,T28D,H,E,0.15,SKEMPI2(AB_BIND),18,FL
281,1MLC,T31A,H,E,-0.45,SKEMPI2(AB_BIND),18,FL
282,1MLC,T31V,H,E,-0.53,SKEMPI2(AB_BIND),18,FL
283,1MLC,T31W,H,E,-0.13,SKEMPI2(AB_BIND),18,FL
284,1MLC,T58D,H,E,0.56,SKEMPI2(AB_BIND),18,FL
285,1N8Z,D31A,H,C,-0.25,SKEMPI2(AB_BIND),19,SPR
286,1N8Z,D98A,H,C,-1.21,SKEMPI2(AB_BIND),19,SPR
287,1N8Z,D98W,H,C,0.69,SKEMPI2(AB_BIND),19,SPR
288,1N8Z,D28N,L,C,0.28,SKEMPI2(AB_BIND),19,SPR
289,1N8Z,F555A,C,"H,L",-0.04,SKEMPI2,19,SPR
290,1N8Z,F100A,H,C,-1.17,SKEMPI2(AB_BIND),19,SPR
291,1N8Z,F53N,L,C,-1.21,SKEMPI2(AB_BIND),19,SPR
292,1N8Z,H91F,L,C,0.2,SKEMPI2(AB_BIND),19,SPR
293,1N8Z,K30A,H,C,-0.61,SKEMPI2(AB_BIND),19,SPR
294,1N8Z,L525A,C,"H,L",0.02,SKEMPI2,19,SPR
295,1N8Z,N54A,H,C,0.15,SKEMPI2(AB_BIND),19,SPR
296,1N8Z,N30A,L,C,-1.12,SKEMPI2(AB_BIND),19,SPR
297,1N8Z,N30S,L,C,-0.06,SKEMPI2(AB_BIND),19,SPR
298,1N8Z,R50A,H,C,-2.93,SKEMPI2,19,SPR
299,1N8Z,R58A,H,C,-1.78,SKEMPI2,19,SPR
300,1N8Z,R66G,L,C,-0.22,SKEMPI2(AB_BIND),19,SPR
301,1N8Z,S551A,C,"H,L",-0.03,SKEMPI2,19,SPR
302,1N8Z,S50A,L,C,0.07,SKEMPI2(AB_BIND),19,SPR
303,1N8Z,S52A,L,C,0.31,SKEMPI2(AB_BIND),19,SPR
304,1N8Z,T32A,H,C,-0.38,SKEMPI2(AB_BIND),19,SPR
305,1N8Z,T53A,H,C,-0.78,SKEMPI2(AB_BIND),19,SPR
306,1N8Z,T31A,L,C,-0.8,SKEMPI2(AB_BIND),19,SPR
307,1N8Z,T93A,L,C,-0.82,SKEMPI2(AB_BIND),19,SPR
308,1N8Z,T94A,L,C,0.12,SKEMPI2(AB_BIND),19,SPR
309,1N8Z,T94S,L,C,-0.31,SKEMPI2(AB_BIND),19,SPR
310,1N8Z,V552A,C,"H,L",-0.01,SKEMPI2,19,SPR
311,1N8Z,Y100AF,H,C,-0.39,SKEMPI2(AB_BIND),19,SPR
312,1N8Z,Y102V,H,C,-0.22,SKEMPI2(AB_BIND),19,SPR
313,1N8Z,Y33A,H,C,0.09,SKEMPI2(AB_BIND),19,SPR
314,1N8Z,Y52A,H,C,-0.23,SKEMPI2(AB_BIND),19,SPR
315,1N8Z,Y56A,H,C,-0.87,SKEMPI2(AB_BIND),19,SPR
316,1N8Z,Y49A,L,C,-1.05,SKEMPI2(AB_BIND),19,SPR
317,1N8Z,Y92A,L,C,-1.36,SKEMPI2(AB_BIND),19,SPR
318,1N8Z,Y92F,L,C,0.21,SKEMPI2(AB_BIND),19,SPR
319,1NCA,D97K,H,N,-0.71,SKEMPI2,20,FL
320,1NCA,E96D,H,N,-0.41,SKEMPI2,20,FL
321,1NCA,N31Q,H,N,0,SKEMPI2,20,FL
322,1NCA,N98Q,H,N,-0.54,SKEMPI2,20,FL
323,1NMB,D56E,H,N,-2.95,SKEMPI2,21,SPR
324,1NMB,D56N,H,N,-2.95,SKEMPI2,21,SPR
325,1NMB,L94V,L,N,-0.9,SKEMPI2,21,SPR
326,1NMB,T93F,L,N,0.02,SKEMPI2,21,SPR
327,1NMB,T93W,L,N,-0.18,SKEMPI2,21,SPR
328,1NMB,Y100AF,H,N,-1.42,SKEMPI2,21,SPR
329,1NMB,Y99A,H,N,-2.14,SKEMPI2,21,SPR
330,1NMB,Y32F,L,N,-0.47,SKEMPI2,21,SPR
331,1VFB,D119A,C,"L,H",-1,SKEMPI2(AB_BIND),22,SPR
332,1VFB,D18A,C,"L,H",-0.3,SKEMPI2(AB_BIND),22,SPR
333,1VFB,D100A,H,C,-2.9,SKEMPI2(AB_BIND),22,SPR
334,1VFB,D54A,H,C,-1,SKEMPI2(AB_BIND),22,SPR
335,1VFB,D58A,H,C,0.21,SKEMPI2,22,SPR
336,1VFB,D58E,H,C,-0.08,SKEMPI2(AB_BIND),22,FL
337,1VFB,D58N,H,C,0.13,SKEMPI2(AB_BIND),22,FL
338,1VFB,E98A,H,C,-1.16,SKEMPI2,22,SPR
339,1VFB,G31A,H,C,-0.3,SKEMPI2(AB_BIND),22,FL
340,1VFB,G31E,H,C,0.51,SKEMPI2(AB_BIND),22,FL
341,1VFB,G31W,H,C,-0.01,SKEMPI2(AB_BIND),22,FL
342,1VFB,H30A,L,C,-0.84,SKEMPI2,22,SPR
343,1VFB,I124A,C,"L,H",-1.2,SKEMPI2(AB_BIND),22,SPR
344,1VFB,K116A,C,"L,H",-0.7,SKEMPI2(AB_BIND),22,SPR
345,1VFB,L129A,C,"L,H",-0.2,SKEMPI2(AB_BIND),22,SPR
346,1VFB,N19A,C,"L,H",-0.3,SKEMPI2(AB_BIND),22,SPR
347,1VFB,N56A,H,C,-0.18,SKEMPI2,22,SPR
348,1VFB,N31W,L,C,-0.17,SKEMPI2(AB_BIND),22,FL
349,1VFB,Q121A,C,"L,H",-2.9,SKEMPI2(AB_BIND),22,SPR
350,1VFB,R125A,C,"L,H",-1.8,SKEMPI2(AB_BIND),22,SPR
351,1VFB,R99A,H,C,0.1,SKEMPI2,22,SPR
352,1VFB,R99W,H,C,-0.71,SKEMPI2(AB_BIND),22,FL
353,1VFB,R99Y,H,C,-1.26,SKEMPI2(AB_BIND),22,FL
354,1VFB,S24A,C,"L,H",-0.8,SKEMPI2(AB_BIND),22,SPR
355,1VFB,S28D,H,C,0,SKEMPI2(AB_BIND),22,FL
356,1VFB,S28E,H,C,0.1,SKEMPI2(AB_BIND),22,FL
357,1VFB,S28N,H,C,-0.15,SKEMPI2(AB_BIND),22,FL
358,1VFB,S28Q,H,C,-0.08,SKEMPI2(AB_BIND),22,FL
359,1VFB,S93A,L,C,-0.34,SKEMPI2,22,SPR
360,1VFB,T118A,C,"L,H",-0.8,SKEMPI2(AB_BIND),22,SPR
361,1VFB,T30A,H,C,0.06,SKEMPI2,22,SPR
362,1VFB,T52F,L,C,-0.47,SKEMPI2(AB_BIND),22,SPR
363,1VFB,T53R,L,C,-1.67,SKEMPI2(AB_BIND),22,SPR
364,1VFB,V120A,C,"L,H",-0.9,SKEMPI2(AB_BIND),22,SPR
365,1VFB,W52A,H,C,-0.9,SKEMPI2(AB_BIND),22,SPR
366,1VFB,W92A,L,C,-3.3,SKEMPI2(AB_BIND),22,SPR
367,1VFB,Y23A,C,"L,H",-0.4,SKEMPI2(AB_BIND),22,SPR
368,1VFB,Y101A,H,C,-4,SKEMPI2(AB_BIND),22,SPR
369,1VFB,Y101F,H,C,-1.6,SKEMPI2(AB_BIND),22,SPR
370,1VFB,Y32A,H,C,-1.1,SKEMPI2(AB_BIND),22,SPR
371,1VFB,Y32E,H,C,-1.91,SKEMPI2(AB_BIND),22,FL
372,1VFB,Y32A,L,C,-1.7,SKEMPI2(AB_BIND),22,SPR
373,1VFB,Y49A,L,C,-0.8,SKEMPI2,22,SPR
374,1VFB,Y50A,L,C,-0.5,SKEMPI2(AB_BIND),22,SPR
375,1VFB,Y50K,L,C,-1.67,SKEMPI2(AB_BIND),22,FL
376,1VFB,Y50R,L,C,-0.85,SKEMPI2(AB_BIND),22,FL
377,1XGP,A33F,B,C,4.06,SKEMPI2,23,ITC
378,1XGP,A33I,B,C,2.26,SKEMPI2,23,ITC
379,1XGP,A33L,B,C,2.2,SKEMPI2,23,ITC
380,1XGP,A33V,B,C,1.15,SKEMPI2,23,ITC
381,1XGQ,V33A,B,C,-1.15,SKEMPI2,24,ITC
382,1XGQ,V33F,B,C,2.91,SKEMPI2,24,ITC
383,1XGQ,V33I,B,C,1.11,SKEMPI2,24,ITC
384,1XGQ,V33L,B,C,1.05,SKEMPI2,24,ITC
385,1XGR,I33A,B,C,-2.26,SKEMPI2,25,ITC
386,1XGR,I33F,B,C,1.8,SKEMPI2,25,ITC
387,1XGR,I33L,B,C,-0.06,SKEMPI2,25,ITC
388,1XGR,I33V,B,C,-1.11,SKEMPI2,25,ITC
389,1XGT,L33A,B,C,-2.2,SKEMPI2,26,ITC
390,1XGT,L33F,B,C,1.86,SKEMPI2,26,ITC
391,1XGT,L33I,B,C,0.06,SKEMPI2,26,ITC
392,1XGT,L33V,B,C,-1.05,SKEMPI2,26,ITC
393,1XGU,F33A,B,C,-4.06,SKEMPI2,27,ITC
394,1XGU,F33I,B,C,-1.8,SKEMPI2,27,ITC
395,1XGU,F33L,B,C,-1.86,SKEMPI2,27,ITC
396,1XGU,F33V,B,C,-2.91,SKEMPI2,27,ITC
397,1YQV,R45K,Y,"L,H",-2,SKEMPI2,28,ITC
398,1YY9,A25P,C,A,-0.07,SKEMPI2,29,SPR
399,1YY9,A98P,D,A,-1.04,SKEMPI2,29,SPR
400,1YY9,G54P,D,A,-0.27,SKEMPI2,29,SPR
401,1YY9,L29P,D,A,-0.03,SKEMPI2,29,SPR
402,1YY9,N93A,C,A,0.74,SKEMPI2(AB_BIND),29,FL
403,1YY9,N56A,D,A,0.06,SKEMPI2(AB_BIND),29,FL
404,1YY9,S26D,C,A,0.2,SKEMPI2(AB_BIND),29,FL
405,1YY9,S26P,C,A,0.01,SKEMPI2,29,SPR
406,1YY9,S28P,C,A,0.22,SKEMPI2,29,SPR
407,1YY9,S54P,C,A,0.02,SKEMPI2,29,SPR
408,1YY9,S53P,D,A,-0.82,SKEMPI2,29,SPR
409,1YY9,T31E,C,A,0.52,SKEMPI2(AB_BIND),29,FL
410,1YY9,T96P,C,A,-4,SKEMPI2,29,SPR
411,1YY9,T61E,D,A,0.06,SKEMPI2(AB_BIND),29,FL
412,1YY9,W52P,D,A,-1.48,SKEMPI2,29,SPR
413,1YY9,Y101P,D,A,-1.65,SKEMPI2,29,SPR
414,2B2X,E64K,H,A,0.16,SKEMPI2,30,KinExA
415,2B2X,V50T,H,A,-0.09,SKEMPI2,30,KinExA
416,2B2X,Y52E,L,A,0.22,SKEMPI2,30,KinExA
417,2BDN,D31E,H,A,-1.09,SKEMPI2,31,SPR
418,2BDN,L27K,H,A,-0.87,SKEMPI2,31,SPR
419,2BDN,L27R,H,A,-0.65,SKEMPI2,31,SPR
420,2BDN,N28D,H,A,-0.13,SKEMPI2,31,SPR
421,2BDN,N28Q,H,A,-1.4,SKEMPI2,31,SPR
422,2BDN,N31K,L,A,-3.49,SKEMPI2,31,SPR
423,2BDN,N31R,L,A,0.92,SKEMPI2,31,SPR
424,2BDN,S53D,L,A,0.16,SKEMPI2,31,SPR
425,2BDN,S53E,L,A,0.85,SKEMPI2,31,SPR
426,2BDN,T56D,L,A,0.43,SKEMPI2,31,SPR
427,2BDN,T56E,L,A,0.69,SKEMPI2,31,SPR
428,2BDN,Y30K,L,A,-0.67,SKEMPI2,31,SPR
429,2JEL,A82S,P,"L,H",0,SKEMPI2(AB_BIND),32,CSPRIA
430,2JEL,D69E,P,"L,H",-0.96,SKEMPI2(AB_BIND),32,CSPRIA
431,2JEL,E5D,P,"L,H",-0.41,SKEMPI2(AB_BIND),32,CSPRIA
432,2JEL,E5Q,P,"L,H",-0.72,SKEMPI2(AB_BIND),32,CSPRIA
433,2JEL,E66K,P,"L,H",-4.13,SKEMPI2(AB_BIND),32,CSPRIA
434,2JEL,E68A,P,"L,H",-0.41,SKEMPI2(AB_BIND),32,CSPRIA
435,2JEL,E70A,P,"L,H",-2.75,SKEMPI2(AB_BIND),32,CSPRIA
436,2JEL,E70K,P,"L,H",-4.13,SKEMPI2(AB_BIND),32,CSPRIA
437,2JEL,E75R,P,"L,H",-2.75,SKEMPI2(AB_BIND),32,CSPRIA
438,2JEL,E83A,P,"L,H",0,SKEMPI2(AB_BIND),32,CSPRIA
439,2JEL,E85A,P,"L,H",0,SKEMPI2(AB_BIND),32,CSPRIA
440,2JEL,E85D,P,"L,H",0,SKEMPI2(AB_BIND),32,CSPRIA
441,2JEL,E85K,P,"L,H",0,SKEMPI2(AB_BIND),32,CSPRIA
442,2JEL,E85Q,P,"L,H",0,SKEMPI2(AB_BIND),32,CSPRIA
443,2JEL,F2W,P,"L,H",-2.64,SKEMPI2(AB_BIND),32,CSPRIA
444,2JEL,F2Y,P,"L,H",0,SKEMPI2(AB_BIND),32,CSPRIA
445,2JEL,H76A,P,"L,H",0.41,SKEMPI2(AB_BIND),32,CSPRIA
446,2JEL,H76D,P,"L,H",0.66,SKEMPI2(AB_BIND),32,CSPRIA
447,2JEL,K24E,P,"L,H",0,SKEMPI2(AB_BIND),32,CSPRIA
448,2JEL,K27E,P,"L,H",0,SKEMPI2(AB_BIND),32,CSPRIA
449,2JEL,K72E,P,"L,H",-0.41,SKEMPI2(AB_BIND),32,CSPRIA
450,2JEL,K72R,P,"L,H",0,SKEMPI2(AB_BIND),32,CSPRIA
451,2JEL,K79E,P,"L,H",-0.41,SKEMPI2(AB_BIND),32,CSPRIA
452,2JEL,N12D,P,"L,H",0,SKEMPI2(AB_BIND),32,CSPRIA
453,2JEL,N38T,P,"L,H",0,SKEMPI2(AB_BIND),32,CSPRIA
454,2JEL,P11E,P,"L,H",0,SKEMPI2(AB_BIND),32,CSPRIA
455,2JEL,Q3K,P,"L,H",-4.13,SKEMPI2(AB_BIND),32,CSPRIA
456,2JEL,Q4K,P,"L,H",-1.38,SKEMPI2(AB_BIND),32,CSPRIA
457,2JEL,Q57E,P,"L,H",0.41,SKEMPI2(AB_BIND),32,CSPRIA
458,2JEL,Q71E,P,"L,H",-2.75,SKEMPI2(AB_BIND),32,CSPRIA
459,2JEL,R17G,P,"L,H",0,SKEMPI2(AB_BIND),32,CSPRIA
460,2JEL,R17K,P,"L,H",0,SKEMPI2(AB_BIND),32,CSPRIA
461,2JEL,S41C,P,"L,H",-1.51,SKEMPI2(AB_BIND),32,CSPRIA
462,2JEL,S43C,P,"L,H",0,SKEMPI2(AB_BIND),32,CSPRIA
463,2JEL,S46C,P,"L,H",0,SKEMPI2(AB_BIND),32,CSPRIA
464,2JEL,S64T,P,"L,H",-4.13,SKEMPI2(AB_BIND),32,CSPRIA
465,2JEL,T34N,P,"L,H",-6.82,SKEMPI2,32,CSPRIA
466,2JEL,T34Q,P,"L,H",0,SKEMPI2(AB_BIND),32,CSPRIA
467,2JEL,T36Q,P,"L,H",-0.41,SKEMPI2(AB_BIND),32,CSPRIA
468,2JEL,T62A,P,"L,H",0,SKEMPI2(AB_BIND),32,CSPRIA
469,2JEL,T62N,P,"L,H",0,SKEMPI2(AB_BIND),32,CSPRIA
470,2JEL,T7N,P,"L,H",-0.41,SKEMPI2(AB_BIND),32,CSPRIA
471,2JEL,T7S,P,"L,H",0,SKEMPI2(AB_BIND),32,CSPRIA
472,2JEL,V6F,P,"L,H",0,SKEMPI2(AB_BIND),32,CSPRIA
473,2NYY,D1058A,A,"L,H",-0.01,SKEMPI2(AB_BIND),33,KinExA
474,2NYY,D1062A,A,"L,H",-2.53,SKEMPI2(AB_BIND),33,KinExA
475,2NYY,D30Y,L,A,-0.65,SKEMPI2(AB_BIND),33,KinExA
476,2NYY,E920A,A,"L,H",-2.84,SKEMPI2(AB_BIND),33,KinExA
477,2NYY,E6Q,H,A,0.25,SKEMPI2,33,KinExA
478,2NYY,F917A,A,"L,H",-0.42,SKEMPI2(AB_BIND),33,KinExA
479,2NYY,F953A,A,"L,H",-4.06,SKEMPI2(AB_BIND),33,KinExA
480,2NYY,H1064A,A,"L,H",-7.32,SKEMPI2(AB_BIND),33,KinExA
481,2NYY,H34Q,L,A,0.06,SKEMPI2,33,KinExA
482,2NYY,H34R,L,A,-0.1,SKEMPI2(AB_BIND),33,KinExA
483,2NYY,I956A,A,"L,H",0.01,SKEMPI2(AB_BIND),33,KinExA
484,2NYY,K1056A,A,"L,H",0.03,SKEMPI2(AB_BIND),33,KinExA
485,2NYY,K903A,A,"L,H",-0.29,SKEMPI2(AB_BIND),33,KinExA
486,2NYY,K923A,A,"L,H",0.14,SKEMPI2(AB_BIND),33,KinExA
487,2NYY,K30R,H,A,-0.07,SKEMPI2(AB_BIND),33,KinExA
488,2NYY,L919A,A,"L,H",-2.59,SKEMPI2(AB_BIND),33,KinExA
489,2NYY,M34Q,H,A,0.06,SKEMPI2(AB_BIND),33,KinExA
490,2NYY,N918A,A,"L,H",-0.89,SKEMPI2(AB_BIND),33,KinExA
491,2NYY,N954A,A,"L,H",-0.1,SKEMPI2(AB_BIND),33,KinExA
492,2NYY,Q915A,A,"L,H",-0.52,SKEMPI2(AB_BIND),33,KinExA
493,2NYY,R1061A,A,"L,H",-0.82,SKEMPI2(AB_BIND),33,KinExA
494,2NYY,R1294A,A,"L,H",-0.3,SKEMPI2(AB_BIND),33,KinExA
495,2NYY,S902A,A,"L,H",0.23,SKEMPI2(AB_BIND),33,KinExA
496,2NYY,S955A,A,"L,H",0,SKEMPI2(AB_BIND),33,KinExA
497,2NYY,S28Q,L,A,-0.42,SKEMPI2(AB_BIND),33,KinExA
498,2NYY,S31N,L,A,0.36,SKEMPI2(AB_BIND),33,KinExA
499,2NYY,T1063A,A,"L,H",-1.62,SKEMPI2(AB_BIND),33,KinExA
500,2NYY,V37I,H,A,0.22,SKEMPI2,33,KinExA
501,2NYY,Y31D,H,A,-0.07,SKEMPI2(AB_BIND),33,KinExA
502,2NYY,Y31Q,H,A,-0.13,SKEMPI2(AB_BIND),33,KinExA
503,2NYY,Y57Q,H,A,-0.52,SKEMPI2(AB_BIND),33,KinExA
504,2NZ9,D1058A,A,"L,H",0.03,SKEMPI2(AB_BIND),34,KinExA
505,2NZ9,D1062A,A,"L,H",-2.34,SKEMPI2(AB_BIND),34,KinExA
506,2NZ9,E920A,A,"L,H",-2.77,SKEMPI2(AB_BIND),34,KinExA
507,2NZ9,F917A,A,"L,H",0.05,SKEMPI2(AB_BIND),34,KinExA
508,2NZ9,F953A,A,"L,H",-3.34,SKEMPI2(AB_BIND),34,KinExA
509,2NZ9,H1064A,A,"L,H",-7.42,SKEMPI2(AB_BIND),34,KinExA
510,2NZ9,I956A,A,"L,H",-0.07,SKEMPI2(AB_BIND),34,KinExA
511,2NZ9,K1056A,A,"L,H",0.01,SKEMPI2(AB_BIND),34,KinExA
512,2NZ9,K903A,A,"L,H",-0.54,SKEMPI2(AB_BIND),34,KinExA
513,2NZ9,K923A,A,"L,H",0.3,SKEMPI2(AB_BIND),34,KinExA
514,2NZ9,L919A,A,"L,H",-2.28,SKEMPI2(AB_BIND),34,KinExA
515,2NZ9,N918A,A,"L,H",-2.16,SKEMPI2(AB_BIND),34,KinExA
516,2NZ9,N954A,A,"L,H",0.15,SKEMPI2(AB_BIND),34,KinExA
517,2NZ9,Q915A,A,"L,H",-0.1,SKEMPI2(AB_BIND),34,KinExA
518,2NZ9,R1061A,A,"L,H",-0.29,SKEMPI2(AB_BIND),34,KinExA
519,2NZ9,R1294A,A,"L,H",-0.39,SKEMPI2(AB_BIND),34,KinExA
520,2NZ9,S902A,A,"L,H",0.12,SKEMPI2(AB_BIND),34,KinExA
521,2NZ9,S955A,A,"L,H",0.08,SKEMPI2(AB_BIND),34,KinExA
522,2NZ9,T1063A,A,"L,H",-2.37,SKEMPI2(AB_BIND),34,KinExA
523,2VIR,S115L,C,"A,B",-3.68,SKEMPI2,35,SPR
524,2VIR,T89I,C,"A,B",-4.91,SKEMPI2,35,SPR
525,2VIS,I89T,C,"A,B",4.91,SKEMPI2,36,SPR
526,3BDY,D31A,H,V,-0.2,SKEMPI2(AB_BIND),37,SPR
527,3BDY,D98A,H,V,0,SKEMPI2(AB_BIND),37,SPR
528,3BDY,D27AA,L,V,0,SKEMPI2(AB_BIND),37,SPR
529,3BDY,F100A,H,V,-0.7,SKEMPI2(AB_BIND),37,SPR
530,3BDY,G96A,H,V,-0.2,SKEMPI2(AB_BIND),37,SPR
531,3BDY,G97A,H,V,0.1,SKEMPI2(AB_BIND),37,SPR
532,3BDY,G99A,H,V,-0.8,SKEMPI2(AB_BIND),37,SPR
533,3BDY,G31A,L,V,-1.2,SKEMPI2(AB_BIND),37,SPR
534,3BDY,G51A,L,V,-1,SKEMPI2(AB_BIND),37,SPR
535,3BDY,H91A,L,V,-2,SKEMPI2(AB_BIND),37,SPR
536,3BDY,I27BA,L,V,-1.1,SKEMPI2(AB_BIND),37,SPR
537,3BDY,I29A,L,V,-0.8,SKEMPI2(AB_BIND),37,SPR
538,3BDY,K30A,H,V,-0.2,SKEMPI2(AB_BIND),37,SPR
539,3BDY,N54A,H,V,0.2,SKEMPI2(AB_BIND),37,SPR
540,3BDY,P27CA,L,V,-0.2,SKEMPI2(AB_BIND),37,SPR
541,3BDY,R50A,H,V,0.3,SKEMPI2(AB_BIND),37,SPR
542,3BDY,R58A,H,V,0.2,SKEMPI2(AB_BIND),37,SPR
543,3BDY,R27DA,L,V,0.2,SKEMPI2(AB_BIND),37,SPR
544,3BDY,S28A,L,V,-1,SKEMPI2(AB_BIND),37,SPR
545,3BDY,S30A,L,V,-1.3,SKEMPI2(AB_BIND),37,SPR
546,3BDY,S52A,L,V,-0.1,SKEMPI2(AB_BIND),37,SPR
547,3BDY,T32A,H,V,0.4,SKEMPI2(AB_BIND),37,SPR
548,3BDY,T53A,H,V,0.5,SKEMPI2(AB_BIND),37,SPR
549,3BDY,T93A,L,V,0.3,SKEMPI2(AB_BIND),37,SPR
550,3BDY,T94A,L,V,0,SKEMPI2(AB_BIND),37,SPR
551,3BDY,W95A,H,V,-2,SKEMPI2(AB_BIND),37,SPR
552,3BDY,W50A,L,V,-1.3,SKEMPI2(AB_BIND),37,SPR
553,3BDY,Y100AA,H,V,-0.5,SKEMPI2(AB_BIND),37,SPR
554,3BDY,Y33A,H,V,-0.3,SKEMPI2(AB_BIND),37,SPR
555,3BDY,Y52A,H,V,-0.4,SKEMPI2(AB_BIND),37,SPR
556,3BDY,Y56A,H,V,-0.2,SKEMPI2(AB_BIND),37,SPR
557,3BDY,Y32A,L,V,-1.7,SKEMPI2(AB_BIND),37,SPR
558,3BDY,Y53A,L,V,-0.7,SKEMPI2(AB_BIND),37,SPR
559,3BDY,Y92A,L,V,-1.4,SKEMPI2(AB_BIND),37,SPR
560,3BE1,D31A,H,A,-0.4,SKEMPI2(AB_BIND),38,SPR
561,3BE1,D98A,H,A,0.1,SKEMPI2(AB_BIND),38,SPR
562,3BE1,D27AA,L,A,0,SKEMPI2(AB_BIND),38,SPR
563,3BE1,F100A,H,A,-1.9,SKEMPI2(AB_BIND),38,SPR
564,3BE1,G96A,H,A,-0.1,SKEMPI2(AB_BIND),38,SPR
565,3BE1,G97A,H,A,-0.3,SKEMPI2(AB_BIND),38,SPR
566,3BE1,G99A,H,A,-1.8,SKEMPI2(AB_BIND),38,SPR
567,3BE1,G31A,L,A,-0.3,SKEMPI2(AB_BIND),38,SPR
568,3BE1,G51A,L,A,0.3,SKEMPI2(AB_BIND),38,SPR
569,3BE1,H91A,L,A,-0.9,SKEMPI2(AB_BIND),38,SPR
570,3BE1,I27BA,L,A,0.2,SKEMPI2(AB_BIND),38,SPR
571,3BE1,I29A,L,A,-0.9,SKEMPI2(AB_BIND),38,SPR
572,3BE1,K30A,H,A,0.3,SKEMPI2(AB_BIND),38,SPR
573,3BE1,N54A,H,A,0.8,SKEMPI2(AB_BIND),38,SPR
574,3BE1,P27CA,L,A,-0.1,SKEMPI2(AB_BIND),38,SPR
575,3BE1,R50A,H,A,-2.4,SKEMPI2(AB_BIND),38,SPR
576,3BE1,R58A,H,A,-2.5,SKEMPI2(AB_BIND),38,SPR
577,3BE1,R27DA,L,A,0.2,SKEMPI2(AB_BIND),38,SPR
578,3BE1,S28A,L,A,-0.3,SKEMPI2(AB_BIND),38,SPR
579,3BE1,S30A,L,A,0.2,SKEMPI2(AB_BIND),38,SPR
580,3BE1,S52A,L,A,-0.3,SKEMPI2(AB_BIND),38,SPR
581,3BE1,T32A,H,A,0.4,SKEMPI2(AB_BIND),38,SPR
582,3BE1,T53A,H,A,-0.1,SKEMPI2(AB_BIND),38,SPR
583,3BE1,T93A,L,A,0.4,SKEMPI2(AB_BIND),38,SPR
584,3BE1,T94A,L,A,-1.4,SKEMPI2(AB_BIND),38,SPR
585,3BE1,W95A,H,A,-1.8,SKEMPI2(AB_BIND),38,SPR
586,3BE1,W50A,L,A,-1.4,SKEMPI2(AB_BIND),38,SPR
587,3BE1,Y100AA,H,A,-1.2,SKEMPI2(AB_BIND),38,SPR
588,3BE1,Y33A,H,A,-2.4,SKEMPI2(AB_BIND),38,SPR
589,3BE1,Y52A,H,A,0.8,SKEMPI2(AB_BIND),38,SPR
590,3BE1,Y56A,H,A,-1.8,SKEMPI2(AB_BIND),38,SPR
591,3BE1,Y32A,L,A,0.8,SKEMPI2(AB_BIND),38,SPR
592,3BE1,Y53A,L,A,-0.9,SKEMPI2(AB_BIND),38,SPR
593,3BE1,Y92A,L,A,-0.5,SKEMPI2(AB_BIND),38,SPR
594,3BN9,D217A,A,"L,H",-0.57,SKEMPI2(AB_BIND),39,FL
595,3BN9,D60AA,A,"L,H",-0.42,SKEMPI2(AB_BIND),39,FL
596,3BN9,D60BA,A,"L,H",-0.31,SKEMPI2(AB_BIND),39,FL
597,3BN9,D96A,A,"L,H",-6.7,SKEMPI2(AB_BIND),39,FL
598,3BN9,E169A,A,"L,H",-0.37,SKEMPI2(AB_BIND),39,FL
599,3BN9,F60EA,A,"L,H",0.05,SKEMPI2(AB_BIND),39,FL
600,3BN9,F94A,A,"L,H",-0.64,SKEMPI2(AB_BIND),39,FL
601,3BN9,F97A,A,"L,H",-6.7,SKEMPI2(AB_BIND),39,FL
602,3BN9,H143A,A,"L,H",-0.09,SKEMPI2(AB_BIND),39,FL
603,3BN9,I41A,A,"L,H",0,SKEMPI2(AB_BIND),39,FL
604,3BN9,I60A,A,"L,H",-0.84,SKEMPI2(AB_BIND),39,FL
605,3BN9,K224A,A,"L,H",-0.79,SKEMPI2(AB_BIND),39,FL
606,3BN9,L153A,A,"L,H",-0.34,SKEMPI2(AB_BIND),39,FL
607,3BN9,N95A,A,"L,H",-0.77,SKEMPI2(AB_BIND),39,FL
608,3BN9,P100H,H,A,-2.43,SKEMPI2,39,FL
609,3BN9,Q145A,A,"L,H",-0.13,SKEMPI2(AB_BIND),39,FL
610,3BN9,Q174A,A,"L,H",0.03,SKEMPI2(AB_BIND),39,FL
611,3BN9,Q175A,A,"L,H",-2.51,SKEMPI2(AB_BIND),39,FL
612,3BN9,Q221AA,A,"L,H",-0.71,SKEMPI2(AB_BIND),39,FL
613,3BN9,Q38A,A,"L,H",0.42,SKEMPI2(AB_BIND),39,FL
614,3BN9,Q100AV,H,A,-1.36,SKEMPI2(AB_BIND),39,FL
615,3BN9,R222A,A,"L,H",0.09,SKEMPI2(AB_BIND),39,FL
616,3BN9,R60CA,A,"L,H",0.05,SKEMPI2(AB_BIND),39,FL
617,3BN9,R60FA,A,"L,H",0.07,SKEMPI2(AB_BIND),39,FL
618,3BN9,R87A,A,"L,H",0.16,SKEMPI2(AB_BIND),39,FL
619,3BN9,S30G,H,A,-1.36,SKEMPI2(AB_BIND),39,FL
620,3BN9,S30N,H,A,-1.36,SKEMPI2(AB_BIND),39,FL
621,3BN9,T150A,A,"L,H",-0.29,SKEMPI2(AB_BIND),39,FL
622,3BN9,T98A,A,"L,H",-1.13,SKEMPI2(AB_BIND),39,FL
623,3BN9,T28R,H,A,-0.3,SKEMPI2(AB_BIND),39,FL
624,3BN9,T98Q,H,A,0,SKEMPI2(AB_BIND),39,FL
625,3BN9,T98R,H,A,0.06,SKEMPI2(AB_BIND),39,FL
626,3BN9,Y146A,A,"L,H",-1.09,SKEMPI2(AB_BIND),39,FL
627,3BN9,Y60GA,A,"L,H",-0.02,SKEMPI2(AB_BIND),39,FL
628,3BN9,Y99S,H,A,-0.41,SKEMPI2(AB_BIND),39,FL
629,3G6D,H104A,H,A,0.95,SKEMPI2,40,SPR
630,3G6D,W105A,H,A,1.5,SKEMPI2,40,SPR
631,3HFM,C95A,H,Y,-5.52,SKEMPI2(AB_BIND),41,unknown
632,3HFM,C95F,H,Y,-3.25,SKEMPI2(AB_BIND),41,unknown
633,3HFM,D32A,H,Y,-1.9,SKEMPI2(AB_BIND),41,SP
634,3HFM,D32N,H,Y,-0.17,SKEMPI2(AB_BIND),41,SP
635,3HFM,D101A,Y,"L,H",-0.95,SKEMPI2,41,IASP
636,3HFM,D101E,Y,"L,H",-2.29,SKEMPI2,41,IASP
637,3HFM,D101F,Y,"L,H",-2.49,SKEMPI2,41,IASP
638,3HFM,D101G,Y,"L,H",-0.52,SKEMPI2,41,IASP
639,3HFM,D101K,Y,"L,H",-2.28,SKEMPI2,41,IASP
640,3HFM,D101N,Y,"L,H",-1.64,SKEMPI2,41,IASP
641,3HFM,D101Q,Y,"L,H",-2.24,SKEMPI2,41,IASP
642,3HFM,D101R,Y,"L,H",-2.44,SKEMPI2,41,IASP
643,3HFM,D101S,Y,"L,H",-2.03,SKEMPI2,41,IASP
644,3HFM,G102V,Y,"L,H",-0.55,SKEMPI2,41,IASP
645,3HFM,H15A,Y,"L,H",0.45,SKEMPI2,41,IASP
646,3HFM,I98A,Y,"L,H",0,SKEMPI2,41,IASP
647,3HFM,K96A,Y,"L,H",-6.83,SKEMPI2(AB_BIND),41,SP
648,3HFM,K96M,Y,"L,H",-6.78,SKEMPI2,41,IASP
649,3HFM,K96R,Y,"L,H",-5.35,SKEMPI2,41,IASP
650,3HFM,K97A,Y,"L,H",-6.18,SKEMPI2(AB_BIND),41,SP
651,3HFM,K97D,Y,"L,H",-6.77,SKEMPI2,41,IASP
652,3HFM,K97E,Y,"L,H",-3.6,SKEMPI2,41,IASP
653,3HFM,K97G,Y,"L,H",-6.43,SKEMPI2,41,IASP
654,3HFM,K97M,Y,"L,H",-1.09,SKEMPI2(AB_BIND),41,SP
655,3HFM,K97R,Y,"L,H",-3.05,SKEMPI2,41,IASP
656,3HFM,L75A,Y,"L,H",-0.7,SKEMPI2,41,IASP
657,3HFM,N31A,L,Y,-5.22,SKEMPI2(AB_BIND),41,SP
658,3HFM,N31D,L,Y,-1.34,SKEMPI2(AB_BIND),41,SP
659,3HFM,N31E,L,Y,-5.67,SKEMPI2(AB_BIND),41,SP
660,3HFM,N32A,L,Y,-5.11,SKEMPI2(AB_BIND),41,SP
661,3HFM,N19D,Y,"L,H",-0.41,SKEMPI2,41,IASP
662,3HFM,N19K,Y,"L,H",-0.24,SKEMPI2,41,IASP
663,3HFM,N19Q,Y,"L,H",0.04,SKEMPI2,41,IASP
664,3HFM,N93A,Y,"L,H",-0.21,SKEMPI2,41,IASP
665,3HFM,Q53A,L,Y,-0.95,SKEMPI2(AB_BIND),41,SP
666,3HFM,R21A,Y,"L,H",-1.03,SKEMPI2(AB_BIND),41,SP
667,3HFM,R21E,Y,"L,H",-2.61,SKEMPI2,41,IASP
668,3HFM,R21G,Y,"L,H",-2.57,SKEMPI2,41,IASP
669,3HFM,R21H,Y,"L,H",-2.32,SKEMPI2,41,IASP
670,3HFM,R21K,Y,"L,H",-1.91,SKEMPI2,41,IASP
671,3HFM,R21M,Y,"L,H",-2.05,SKEMPI2,41,IASP
672,3HFM,R21N,Y,"L,H",-2.49,SKEMPI2,41,IASP
673,3HFM,R21Q,Y,"L,H",-2.55,SKEMPI2,41,IASP
674,3HFM,R21W,Y,"L,H",-2.29,SKEMPI2,41,IASP
675,3HFM,R73A,Y,"L,H",0.33,SKEMPI2,41,IASP
676,3HFM,S31A,H,Y,-0.17,SKEMPI2(AB_BIND),41,SP
677,3HFM,S100A,Y,"L,H",-0.27,SKEMPI2,41,IASP
678,3HFM,T89A,Y,"L,H",0,SKEMPI2,41,IASP
679,3HFM,W98A,H,Y,-5.54,SKEMPI2,41,SP
680,3HFM,W98F,H,Y,-3.27,SKEMPI2,41,SP
681,3HFM,W63A,Y,"L,H",-0.32,SKEMPI2,41,IASP
682,3HFM,Y33A,H,Y,-6,SKEMPI2(AB_BIND),41,SP
683,3HFM,Y33F,H,Y,-1.07,SKEMPI2,41,ITC
684,3HFM,Y33L,H,Y,-2.01,SKEMPI2,41,ITC
685,3HFM,Y33W,H,Y,-1.75,SKEMPI2,41,ITC
686,3HFM,Y50A,H,Y,-7.32,SKEMPI2,41,SP
687,3HFM,Y50F,H,Y,-1.61,SKEMPI2,41,ITC
688,3HFM,Y50L,H,Y,-2.85,SKEMPI2,41,ITC
689,3HFM,Y53A,H,Y,-3.25,SKEMPI2,41,ITC
690,3HFM,Y53F,H,Y,-0.62,SKEMPI2,41,ITC
691,3HFM,Y53L,H,Y,-0.81,SKEMPI2,41,ITC
692,3HFM,Y53W,H,Y,-0.71,SKEMPI2,41,ITC
693,3HFM,Y58A,H,Y,-1.68,SKEMPI2,41,ITC
694,3HFM,Y58F,H,Y,-0.36,SKEMPI2,41,ITC
695,3HFM,Y58L,H,Y,-1.51,SKEMPI2,41,ITC
696,3HFM,Y50A,L,Y,-4.57,SKEMPI2(AB_BIND),41,SP
697,3HFM,Y50F,L,Y,-2.36,SKEMPI2(AB_BIND),41,SP
698,3HFM,Y50L,L,Y,-4.4,SKEMPI2(AB_BIND),41,SP
699,3HFM,Y96A,L,Y,-2.71,SKEMPI2(AB_BIND),41,SP
700,3HFM,Y96F,L,Y,-1.4,SKEMPI2(AB_BIND),41,SP
701,3HFM,Y20A,Y,"L,H",-4.87,SKEMPI2(AB_BIND),41,SP
702,3HFM,Y20F,Y,"L,H",0.46,SKEMPI2,41,IASP
703,3HFM,Y20L,Y,"L,H",-2.18,SKEMPI2,41,IASP
704,3K2M,E52A,D,A,-2.5,SKEMPI2(AB_BIND),42,SPR
705,3K2M,M88A,D,A,-4,SKEMPI2(AB_BIND),42,SPR
706,3K2M,R38A,D,A,-2.5,SKEMPI2(AB_BIND),42,SPR
707,3K2M,W80A,D,A,-4,SKEMPI2(AB_BIND),42,SPR
708,3K2M,Y35A,D,A,-1,SKEMPI2(AB_BIND),42,SPR
709,3K2M,Y36A,D,A,-3.7,SKEMPI2(AB_BIND),42,SPR
710,3K2M,Y87A,D,A,-4,SKEMPI2(AB_BIND),42,SPR
711,3L5X,Y94A,L,A,0.83,SKEMPI2,43,SPR
712,3LZF,D187E,A,"L,H",-0.5,SKEMPI2,44,SP
713,3LZF,D222G,A,"L,H",-0.54,SKEMPI2,44,SP
714,3N85,S32A,H,A,0.13,SKEMPI2,45,SPR
715,3N85,S32Y,H,A,-0.06,SKEMPI2,45,SPR
716,3N85,S50G,H,A,-0.49,SKEMPI2,45,SPR
717,3N85,S52Y,H,A,0.79,SKEMPI2,45,SPR
718,3N85,W100F,H,A,0.02,SKEMPI2,45,SPR
719,3N85,W30K,H,A,0.79,SKEMPI2,45,SPR
720,3N85,W30R,H,A,0.55,SKEMPI2,45,SPR
721,3N85,W91F,L,A,-0.14,SKEMPI2,45,SPR
722,3N85,W94Y,L,A,0.04,SKEMPI2,45,SPR
723,3NGB,A57G,H,G,-0.06,SKEMPI2(AB_BIND),46,SPR
724,3NGB,D103A,H,G,-0.06,SKEMPI2,46,SPR
725,3NGB,E88A,L,G,-1.3,SKEMPI2,46,SPR
726,3NGB,F89A,L,G,-0.85,SKEMPI2,46,SPR
727,3NGB,G55A,H,G,1.26,SKEMPI2,46,SPR
728,3NGB,G55S,H,G,0.73,SKEMPI2(AB_BIND),46,SPR
729,3NGB,G56A,H,G,-1.25,SKEMPI2,46,SPR
730,3NGB,I30A,H,G,0,SKEMPI2,46,SPR
731,3NGB,I30T,H,G,0.08,SKEMPI2(AB_BIND),46,SPR
732,3NGB,K52A,H,G,-0.61,SKEMPI2,46,SPR
733,3NGB,K52N,H,G,0.18,SKEMPI2(AB_BIND),46,SPR
734,3NGB,M70A,H,G,-0.52,SKEMPI2,46,SPR
735,3NGB,N105A,H,G,-1.1,SKEMPI2,46,SPR
736,3NGB,N59A,H,G,-1.74,SKEMPI2,46,SPR
737,3NGB,P63A,H,G,0.04,SKEMPI2,46,SPR
738,3NGB,P63K,H,G,0.23,SKEMPI2(AB_BIND),46,SPR
739,3NGB,Q65A,H,G,0.34,SKEMPI2,46,SPR
740,3NGB,Q25A,L,G,0.23,SKEMPI2,46,SPR
741,3NGB,R54A,H,G,0.26,SKEMPI2,46,SPR
742,3NGB,R54N,H,G,0.05,SKEMPI2(AB_BIND),46,SPR
743,3NGB,R62A,H,G,-0.98,SKEMPI2,46,SPR
744,3NGB,R62Q,H,G,0.1,SKEMPI2(AB_BIND),46,SPR
745,3NGB,R72A,H,G,-1.62,SKEMPI2,46,SPR
746,3NGB,S28A,L,G,0.14,SKEMPI2,46,SPR
747,3NGB,T33A,H,G,-0.7,SKEMPI2,46,SPR
748,3NGB,T33Y,H,G,0.08,SKEMPI2(AB_BIND),46,SPR
749,3NGB,V58A,H,G,-1.34,SKEMPI2,46,SPR
750,3NGB,V58T,H,G,0.14,SKEMPI2(AB_BIND),46,SPR
751,3NGB,V74A,H,G,-1.07,SKEMPI2,46,SPR
752,3NGB,V74T,H,G,0.16,SKEMPI2(AB_BIND),46,SPR
753,3NGB,V1A,L,G,0.76,SKEMPI2,46,SPR
754,3NGB,W106A,H,G,-4.39,SKEMPI2,46,SPR
755,3NGB,W47A,H,G,-1.18,SKEMPI2,46,SPR
756,3NGB,W50A,H,G,-1.27,SKEMPI2,46,SPR
757,3NGB,Y104A,H,G,-1.4,SKEMPI2,46,SPR
758,3NGB,Y60A,H,G,-0.54,SKEMPI2,46,SPR
759,3NGB,Y75A,H,G,0.2,SKEMPI2,46,SPR
760,3NGB,Y75S,H,G,0.33,SKEMPI2(AB_BIND),46,SPR
761,3NGB,Y26A,L,G,-0.97,SKEMPI2,46,SPR
762,3NGB,Y26S,L,G,0.64,SKEMPI2,46,SPR
763,3NGB,Y87A,L,G,-1.99,SKEMPI2,46,SPR
764,3NPS,D214A,A,"B,C",-1.48,SKEMPI2(AB_BIND),47,FL
765,3NPS,D46A,A,"B,C",-0.34,SKEMPI2(AB_BIND),47,FL
766,3NPS,D47A,A,"B,C",-1.08,SKEMPI2(AB_BIND),47,FL
767,3NPS,D91A,A,"B,C",-1.52,SKEMPI2(AB_BIND),47,FL
768,3NPS,E163A,A,"B,C",-0.62,SKEMPI2(AB_BIND),47,FL
769,3NPS,F50A,A,"B,C",-0.22,SKEMPI2(AB_BIND),47,FL
770,3NPS,F89A,A,"B,C",-1.61,SKEMPI2(AB_BIND),47,FL
771,3NPS,F92A,A,"B,C",-0.47,SKEMPI2(AB_BIND),47,FL
772,3NPS,H138A,A,"B,C",-1.89,SKEMPI2(AB_BIND),47,FL
773,3NPS,I26A,A,"B,C",-0.65,SKEMPI2(AB_BIND),47,FL
774,3NPS,I45A,A,"B,C",0.34,SKEMPI2(AB_BIND),47,FL
775,3NPS,K221A,A,"B,C",0.1,SKEMPI2(AB_BIND),47,FL
776,3NPS,L147A,A,"B,C",-0.3,SKEMPI2(AB_BIND),47,FL
777,3NPS,N90A,A,"B,C",-0.26,SKEMPI2(AB_BIND),47,FL
778,3NPS,Q140A,A,"B,C",-0.3,SKEMPI2(AB_BIND),47,FL
779,3NPS,Q168A,A,"B,C",0.06,SKEMPI2(AB_BIND),47,FL
780,3NPS,Q169A,A,"B,C",-0.75,SKEMPI2(AB_BIND),47,FL
781,3NPS,Q218A,A,"B,C",0.04,SKEMPI2(AB_BIND),47,FL
782,3NPS,Q23A,A,"B,C",-0.03,SKEMPI2(AB_BIND),47,FL
783,3NPS,R219A,A,"B,C",0.08,SKEMPI2(AB_BIND),47,FL
784,3NPS,R48A,A,"B,C",1.07,SKEMPI2(AB_BIND),47,FL
785,3NPS,R51A,A,"B,C",-0.14,SKEMPI2(AB_BIND),47,FL
786,3NPS,R82A,A,"B,C",0.15,SKEMPI2(AB_BIND),47,FL
787,3NPS,T144A,A,"B,C",-0.18,SKEMPI2(AB_BIND),47,FL
788,3NPS,T93A,A,"B,C",-0.73,SKEMPI2(AB_BIND),47,FL
789,3NPS,Y141A,A,"B,C",-1.79,SKEMPI2(AB_BIND),47,FL
790,3NPS,Y52A,A,"B,C",-0.46,SKEMPI2(AB_BIND),47,FL
791,3SE8,D110A,H,G,0.38,SKEMPI2,48,SPR
792,3SE8,D114A,H,G,0.24,SKEMPI2,48,SPR
793,3SE8,D49A,L,G,-0.84,SKEMPI2,48,SPR
794,3SE8,E1A,L,G,0.55,SKEMPI2,48,SPR
795,3SE8,E91A,L,G,-1.49,SKEMPI2,48,SPR
796,3SE8,F115A,H,G,-1.05,SKEMPI2,48,SPR
797,3SE8,F90A,L,G,0.85,SKEMPI2,48,SPR
798,3SE8,F92A,L,G,-0.82,SKEMPI2,48,SPR
799,3SE8,G56A,H,G,-0.35,SKEMPI2,48,SPR
800,3SE8,K52A,H,G,-1.09,SKEMPI2,48,SPR
801,3SE8,L54A,H,G,-0.05,SKEMPI2,48,SPR
802,3SE8,N30A,L,G,-0.19,SKEMPI2,48,SPR
803,3SE8,P78A,H,G,-0.02,SKEMPI2,48,SPR
804,3SE8,P81A,H,G,0.07,SKEMPI2,48,SPR
805,3SE8,Q63A,H,G,-1.1,SKEMPI2,48,SPR
806,3SE8,Q65A,H,G,-0.54,SKEMPI2,48,SPR
807,3SE8,Q76A,H,G,-0.1,SKEMPI2,48,SPR
808,3SE8,Q27A,L,G,0.21,SKEMPI2,48,SPR
809,3SE8,R30A,H,G,0.04,SKEMPI2,48,SPR
810,3SE8,R62A,H,G,-1.19,SKEMPI2,48,SPR
811,3SE8,R72A,H,G,-2.6,SKEMPI2,48,SPR
812,3SE8,S59A,H,G,-1.13,SKEMPI2,48,SPR
813,3SE8,V58A,H,G,-1.23,SKEMPI2,48,SPR
814,3SE8,W47A,H,G,-1.45,SKEMPI2,48,SPR
815,3SE8,W50A,H,G,-1.31,SKEMPI2,48,SPR
816,3SE8,W55A,H,G,-0.75,SKEMPI2,48,SPR
817,3SE8,Y111A,H,G,-0.82,SKEMPI2,48,SPR
818,3SE8,Y60A,H,G,-0.84,SKEMPI2,48,SPR
819,3SE9,D77A,H,G,0.75,SKEMPI2,49,SPR
820,3SE9,E90A,L,G,-0.41,SKEMPI2,49,SPR
821,3SE9,F91A,L,G,-0.02,SKEMPI2,49,SPR
822,3SE9,G106A,H,G,0.3,SKEMPI2,49,SPR
823,3SE9,G107A,H,G,0.61,SKEMPI2,49,SPR
824,3SE9,G109A,H,G,-0.18,SKEMPI2,49,SPR
825,3SE9,G57A,H,G,-0.45,SKEMPI2,49,SPR
826,3SE9,G62A,H,G,-0.05,SKEMPI2,49,SPR
827,3SE9,G29A,L,G,-0.46,SKEMPI2,49,SPR
828,3SE9,L34A,H,G,-0.56,SKEMPI2,49,SPR
829,3SE9,L89A,L,G,-0.95,SKEMPI2,49,SPR
830,3SE9,N60A,H,G,-1.5,SKEMPI2,49,SPR
831,3SE9,P64A,H,G,0.44,SKEMPI2,49,SPR
832,3SE9,R67A,H,G,-1.45,SKEMPI2,49,SPR
833,3SE9,R74A,H,G,-2.64,SKEMPI2,49,SPR
834,3SE9,R76A,H,G,0.23,SKEMPI2,49,SPR
835,3SE9,T105A,H,G,0.44,SKEMPI2,49,SPR
836,3SE9,T56A,H,G,0.85,SKEMPI2,49,SPR
837,3SE9,V55A,H,G,0.85,SKEMPI2,49,SPR
838,3SE9,V59A,H,G,-0.97,SKEMPI2,49,SPR
839,3SE9,V3A,L,G,0.49,SKEMPI2,49,SPR
840,3SE9,W48A,H,G,-1.04,SKEMPI2,49,SPR
841,3SE9,W51A,H,G,-1.26,SKEMPI2,49,SPR
842,3SE9,Y104A,H,G,-0.46,SKEMPI2,49,SPR
843,3SE9,Y28A,L,G,-1.1,SKEMPI2,49,SPR
844,3W2D,K67N,A,"L,H",-4.62,SKEMPI2,50,SPR
845,3W2D,K67R,A,"L,H",0.43,SKEMPI2,50,SPR
846,3W2D,Y45F,A,"L,H",-0.88,SKEMPI2,50,SPR
847,3W2D,Y45L,A,"L,H",-2.37,SKEMPI2,50,SPR
848,4GXU,D189E,A,"N,M",-2.17,SKEMPI2,51,SP
849,4GXU,D224G,A,"N,M",-1.96,SKEMPI2,51,SP
850,4I77,D54A,H,Z,-2.13,SKEMPI2,52,SPR
851,4I77,N95A,L,Z,-1.72,SKEMPI2,52,SPR
852,4I77,W52A,H,Z,-2.12,SKEMPI2,52,SPR
853,4I77,W52F,H,Z,-2.1,SKEMPI2,52,SPR
854,4I77,Y100A,H,Z,0,SKEMPI2,52,SPR
855,4I77,Y100F,H,Z,0,SKEMPI2,52,SPR
856,4I77,Y101A,H,Z,-0.94,SKEMPI2,52,SPR
857,4I77,Y101F,H,Z,0,SKEMPI2,52,SPR
858,4I77,Y103A,H,Z,-1.69,SKEMPI2,52,SPR
859,4I77,Y103F,H,Z,0,SKEMPI2,52,SPR
860,4I77,Y32A,L,Z,0,SKEMPI2,52,SPR
861,4I77,Y32F,L,Z,0,SKEMPI2,52,SPR
862,4JPK,D141R,A,"H,L",-3.86,SKEMPI2,53,SPR
863,4JPK,F144I,A,"H,L",-1.39,SKEMPI2,53,SPR
864,4JPK,F63L,A,"H,L",-1.17,SKEMPI2,53,SPR
865,4JPK,R130K,A,"H,L",-0.23,SKEMPI2,53,SPR
866,4JPK,R81T,A,"H,L",-0.76,SKEMPI2,53,SPR
867,4JPK,S41G,A,"H,L",-2.15,SKEMPI2,53,SPR
868,4JPK,T35S,A,"H,L",0.03,SKEMPI2,53,SPR
869,4JPK,V30N,A,"H,L",-0.6,SKEMPI2,53,SPR
870,4KRL,D112A,B,A,-0.65,SKEMPI2,54,SPR
871,4KRL,R30A,B,A,-1.72,SKEMPI2,54,SPR
872,4KRO,D92A,B,A,-1.51,SKEMPI2,55,SPR
873,4KRO,R15A,B,A,-1.58,SKEMPI2,55,SPR
874,4KRP,E105A,B,A,-1.61,SKEMPI2,56,SPR
875,4NM8,D19N,B,"H,L",-0.65,SKEMPI2,57,BI
876,4NM8,I18M,B,"H,L",-0.11,SKEMPI2,57,BI
877,4NM8,L38Y,B,"H,L",0.61,SKEMPI2,57,BI
878,4NM8,Q34R,B,"H,L",-2.93,SKEMPI2,57,BI
879,4NM8,Q34T,B,"H,L",-2.29,SKEMPI2,57,BI
880,4NM8,R25M,B,"H,L",-3.39,SKEMPI2,57,BI
881,4NM8,T32E,B,"H,L",0.54,SKEMPI2,57,BI
882,4NM8,T32I,B,"H,L",0.05,SKEMPI2,57,BI
883,4NM8,T32R,B,"H,L",-1.2,SKEMPI2,57,BI
884,4U6H,N21A,E,"A,B",0.35,SKEMPI2,58,BI
885,4U6H,Q25A,E,"A,B",-0.12,SKEMPI2,58,BI
886,4ZS6,E156A,A,"L,H",-3.04,SKEMPI2,59,SPR
887,4ZS6,Y160A,A,"L,H",0.11,SKEMPI2,59,SPR
888,5C6T,E194A,A,"H,L",-1.09,SKEMPI2,60,SPR
889,5C6T,F192A,A,"H,L",-2,SKEMPI2,60,SPR
890,5C6T,F199A,A,"H,L",-2.76,SKEMPI2,60,SPR
891,5C6T,F200A,A,"H,L",-0.41,SKEMPI2,60,SPR
892,5C6T,F99A,H,A,-1.46,SKEMPI2,60,SPR
893,5C6T,I201A,A,"H,L",-0.89,SKEMPI2,60,SPR
894,5C6T,N183A,A,"H,L",-0.28,SKEMPI2,60,SPR
895,5C6T,N186A,A,"H,L",-0.36,SKEMPI2,60,SPR
896,5C6T,N188A,A,"H,L",0.37,SKEMPI2,60,SPR
897,5C6T,N97A,H,A,-1.53,SKEMPI2,60,SPR
898,5C6T,R31S,H,A,-0.31,SKEMPI2,60,SPR
899,5C6T,R48A,L,A,-0.12,SKEMPI2,60,SPR
900,5C6T,S32A,H,A,0.87,SKEMPI2,60,SPR
901,5C6T,T185A,A,"H,L",-0.34,SKEMPI2,60,SPR
902,5C6T,Y182A,A,"H,L",-3.21,SKEMPI2,60,SPR
903,5C6T,Y104A,H,A,-0.36,SKEMPI2,60,SPR
904,5C6T,Y98A,H,A,-1.72,SKEMPI2,60,SPR
905,5C6T,Y47A,L,A,-0.55,SKEMPI2,60,SPR
906,1AHW,A178D,C,"A,B",-0.48,SKEMPI2,1,IASP
907,1AHW,A176L,C,"A,B",0.99,SKEMPI2,1,IASP
908,1AHW,A199N,C,"A,B",1.08,SKEMPI2,1,IASP
909,1AHW,A167T,C,"A,B",-0.07,SKEMPI2,1,IASP
910,1AHW,A170T,C,"A,B",1.11,SKEMPI2,1,IASP
911,1AHW,A197T,C,"A,B",1.35,SKEMPI2,1,IASP
912,1AHW,A198V,C,"A,B",-0.31,SKEMPI2,1,IASP
913,1AHW,A156Y,C,"A,B",3.81,SKEMPI2,1,IASP
914,1AHW,A157Y,C,"A,B",-1.89,SKEMPI2,1,IASP
915,1AK4,G488A,D,A,2.49,SKEMPI2(AB_BIND),2,SPR
916,1AK4,V488A,D,A,0.6,SKEMPI2(AB_BIND),2,SPR
917,1AK4,G492A,D,A,0.41,SKEMPI2(AB_BIND),2,SPR
918,1AK4,V492A,D,A,0.19,SKEMPI2(AB_BIND),2,SPR
919,1AK4,A489G,D,A,1.91,SKEMPI2(AB_BIND),2,SPR
920,1AK4,V489G,D,A,2.86,SKEMPI2(AB_BIND),2,SPR
921,1AK4,A487H,D,A,0.84,SKEMPI2(AB_BIND),2,SPR
922,1AK4,Q487H,D,A,0.8,SKEMPI2(AB_BIND),2,SPR
923,1AK4,R487H,D,A,1.48,SKEMPI2(AB_BIND),2,SPR
924,1AK4,A491I,D,A,0.07,SKEMPI2(AB_BIND),2,SPR
925,1AK4,V491I,D,A,-0.17,SKEMPI2(AB_BIND),2,SPR
926,1AK4,A485P,D,A,0.92,SKEMPI2(AB_BIND),2,SPR
927,1AK4,A490P,D,A,2,SKEMPI2(AB_BIND),2,SPR
928,1AK4,V490P,D,A,2.86,SKEMPI2(AB_BIND),2,SPR
929,1AK4,A493P,D,A,0.51,SKEMPI2(AB_BIND),2,SPR
930,1AK4,A486V,D,A,0.82,SKEMPI2(AB_BIND),2,SPR
931,1AO7,P52A,E,"A,B,C",-0.33,SKEMPI2,3,SPR
932,1AO7,P101G,E,"A,B,C",0.45,SKEMPI2,3,SPR
933,1AO7,P103K,D,"A,B,C",-0.27,SKEMPI2,3,SPR
934,1AO7,P27R,D,"A,B,C",0.31,SKEMPI2,3,SPR
935,1AO7,P102R,E,"A,B,C",-1.94,SKEMPI2,3,SPR
936,1BJ1,A93E,W,"H,L",0.82,SKEMPI2(AB_BIND),4,SPR
937,1BJ1,A17F,V,"H,L",0,SKEMPI2(AB_BIND),4,SPR
938,1BJ1,A88G,W,"H,L",2.76,SKEMPI2(AB_BIND),4,SPR
939,1BJ1,A92G,W,"H,L",3.69,SKEMPI2(AB_BIND),4,SPR
940,1BJ1,Y101H,H,"V,W",-1.58,SKEMPI2,4,SPR
941,1BJ1,A107H,H,"V,W",0.79,SKEMPI2,4,SPR
942,1BJ1,A86H,W,"H,L",0,SKEMPI2(AB_BIND),4,SPR
943,1BJ1,A90H,W,"H,L",0,SKEMPI2(AB_BIND),4,SPR
944,1BJ1,A80I,W,"H,L",0.82,SKEMPI2(AB_BIND),4,SPR
945,1BJ1,A83I,W,"H,L",3.69,SKEMPI2(AB_BIND),4,SPR
946,1BJ1,A91I,W,"H,L",0.41,SKEMPI2(AB_BIND),4,SPR
947,1BJ1,A48K,W,"H,L",0.41,SKEMPI2(AB_BIND),4,SPR
948,1BJ1,A84K,W,"H,L",0.65,SKEMPI2(AB_BIND),4,SPR
949,1BJ1,A81M,W,"H,L",3.69,SKEMPI2(AB_BIND),4,SPR
950,1BJ1,A94M,W,"H,L",1.42,SKEMPI2(AB_BIND),4,SPR
951,1BJ1,H31N,H,"V,W",-0.76,SKEMPI2,4,SPR
952,1BJ1,A79Q,W,"H,L",0,SKEMPI2(AB_BIND),4,SPR
953,1BJ1,A87Q,W,"H,L",0,SKEMPI2(AB_BIND),4,SPR
954,1BJ1,A89Q,W,"H,L",1.75,SKEMPI2(AB_BIND),4,SPR
955,1BJ1,A82R,W,"H,L",3.69,SKEMPI2(AB_BIND),4,SPR
956,1BJ1,T105S,H,"V,W",-0.39,SKEMPI2,4,SPR
957,1BJ1,D28T,H,"V,W",-0.22,SKEMPI2,4,SPR
958,1BJ1,A59T,H,"V,W",0.85,SKEMPI2,4,SPR
959,1BJ1,A27Y,H,"V,W",2.24,SKEMPI2,4,SPR
960,1BJ1,A54Y,H,"V,W",1.33,SKEMPI2,4,SPR
961,1BJ1,W54Y,H,"V,W",-0.14,SKEMPI2,4,SPR
962,1BJ1,A99Y,H,"V,W",4.44,SKEMPI2,4,SPR
963,1BJ1,A21Y,V,"H,L",0,SKEMPI2(AB_BIND),4,SPR
964,1BJ1,A45Y,W,"H,L",0.82,SKEMPI2(AB_BIND),4,SPR
965,1CZ8,A93E,W,"H,L",1.15,SKEMPI2(AB_BIND),5,SPR
966,1CZ8,A17F,V,"H,L",0,SKEMPI2(AB_BIND),5,SPR
967,1CZ8,A88G,W,"H,L",2.67,SKEMPI2(AB_BIND),5,SPR
968,1CZ8,A92G,W,"H,L",4.1,SKEMPI2(AB_BIND),5,SPR
969,1CZ8,A86H,W,"H,L",0,SKEMPI2(AB_BIND),5,SPR
970,1CZ8,A90H,W,"H,L",0,SKEMPI2(AB_BIND),5,SPR
971,1CZ8,A80I,W,"H,L",0.95,SKEMPI2(AB_BIND),5,SPR
972,1CZ8,A83I,W,"H,L",1.3,SKEMPI2(AB_BIND),5,SPR
973,1CZ8,A91I,W,"H,L",1.06,SKEMPI2(AB_BIND),5,SPR
974,1CZ8,A48K,W,"H,L",0,SKEMPI2(AB_BIND),5,SPR
975,1CZ8,A84K,W,"H,L",1.36,SKEMPI2(AB_BIND),5,SPR
976,1CZ8,M4L,L,"V,W",0.04,SKEMPI2,5,SPR
977,1CZ8,A81M,W,"H,L",4.1,SKEMPI2(AB_BIND),5,SPR
978,1CZ8,A94M,W,"H,L",1.91,SKEMPI2(AB_BIND),5,SPR
979,1CZ8,A79Q,W,"H,L",0.65,SKEMPI2(AB_BIND),5,SPR
980,1CZ8,A87Q,W,"H,L",0,SKEMPI2(AB_BIND),5,SPR
981,1CZ8,A89Q,W,"H,L",1.06,SKEMPI2(AB_BIND),5,SPR
982,1CZ8,A82R,W,"H,L",0.82,SKEMPI2(AB_BIND),5,SPR
983,1CZ8,A21Y,V,"H,L",0,SKEMPI2(AB_BIND),5,SPR
984,1CZ8,A45Y,W,"H,L",1.94,SKEMPI2(AB_BIND),5,SPR
985,1DQJ,A101D,C,"H,L",1.3,SKEMPI2(AB_BIND),6,SPR
986,1DQJ,A32D,H,C,2,SKEMPI2(AB_BIND),6,SPR
987,1DQJ,A96K,C,"H,L",6.1,SKEMPI2(AB_BIND),6,SPR
988,1DQJ,A97K,C,"H,L",3.5,SKEMPI2(AB_BIND),6,SPR
989,1DQJ,A75L,C,"H,L",1.5,SKEMPI2(AB_BIND),6,SPR
990,1DQJ,A93N,C,"H,L",0.6,SKEMPI2(AB_BIND),6,SPR
991,1DQJ,A31N,L,C,2,SKEMPI2(AB_BIND),6,SPR
992,1DQJ,A32N,L,C,4.1,SKEMPI2(AB_BIND),6,SPR
993,1DQJ,A21R,C,"H,L",1.3,SKEMPI2(AB_BIND),6,SPR
994,1DQJ,A100S,C,"H,L",0.8,SKEMPI2(AB_BIND),6,SPR
995,1DQJ,A91S,L,C,1.4,SKEMPI2(AB_BIND),6,SPR
996,1DQJ,A89T,C,"H,L",0.8,SKEMPI2(AB_BIND),6,SPR
997,1DQJ,A62W,C,"H,L",0.8,SKEMPI2(AB_BIND),6,SPR
998,1DQJ,A63W,C,"H,L",1.3,SKEMPI2(AB_BIND),6,SPR
999,1DQJ,A98W,H,C,4.9,SKEMPI2(AB_BIND),6,SPR
1000,1DQJ,A20Y,C,"H,L",3.3,SKEMPI2(AB_BIND),6,SPR
1001,1DQJ,A33Y,H,C,5.5,SKEMPI2(AB_BIND),6,SPR
1002,1DQJ,A50Y,H,C,6.9,SKEMPI2(AB_BIND),6,SPR
1003,1DQJ,A53Y,H,C,1.2,SKEMPI2(AB_BIND),6,SPR
1004,1DQJ,A50Y,L,C,2.7,SKEMPI2(AB_BIND),6,SPR
1005,1DQJ,A96Y,L,C,1.1,SKEMPI2(AB_BIND),6,SPR
1006,1DVF,A100D,B,"C,D",2.82,SKEMPI2(AB_BIND),7,SPR
1007,1DVF,A54D,B,"C,D",4.32,SKEMPI2(AB_BIND),7,SPR
1008,1DVF,A58D,B,"C,D",1.62,SKEMPI2(AB_BIND),7,SPR
1009,1DVF,A52D,D,"A,B",1.7,SKEMPI2(AB_BIND),7,SPR
1010,1DVF,A98E,B,"C,D",4.23,SKEMPI2(AB_BIND),7,SPR
1011,1DVF,A30H,A,"C,D",1.67,SKEMPI2(AB_BIND),7,SPR
1012,1DVF,A33H,D,"A,B",1.88,SKEMPI2(AB_BIND),7,SPR
1013,1DVF,A101I,D,"A,B",2.71,SKEMPI2(AB_BIND),7,SPR
1014,1DVF,A30K,D,"A,B",1.01,SKEMPI2(AB_BIND),7,SPR
1015,1DVF,A56N,B,"C,D",1.17,SKEMPI2(AB_BIND),7,SPR
1016,1DVF,A55N,D,"A,B",1.88,SKEMPI2(AB_BIND),7,SPR
1017,1DVF,A104Q,D,"A,B",1.64,SKEMPI2(AB_BIND),7,SPR
1018,1DVF,A99R,B,"C,D",1.89,SKEMPI2(AB_BIND),7,SPR
1019,1DVF,A106R,D,"A,B",4.13,SKEMPI2(AB_BIND),7,SPR
1020,1DVF,A93S,A,"C,D",1.17,SKEMPI2(AB_BIND),7,SPR
1021,1DVF,A30T,B,"C,D",0.92,SKEMPI2(AB_BIND),7,SPR
1022,1DVF,A92W,A,"C,D",0.34,SKEMPI2(AB_BIND),7,SPR
1023,1DVF,A52W,B,"C,D",4.17,SKEMPI2(AB_BIND),7,SPR
1024,1DVF,A32Y,A,"C,D",2.05,SKEMPI2(AB_BIND),7,SPR
1025,1DVF,A49Y,A,"C,D",1.7,SKEMPI2(AB_BIND),7,SPR
1026,1DVF,A50Y,A,"C,D",0.69,SKEMPI2(AB_BIND),7,SPR
1027,1DVF,F101Y,B,"C,D",2.03,SKEMPI2(AB_BIND),7,SPR
1028,1DVF,A32Y,B,"C,D",1.85,SKEMPI2(AB_BIND),7,SPR
1029,1DVF,A49Y,C,"A,B",1.88,SKEMPI2(AB_BIND),7,SPR
1030,1DVF,A102Y,D,"A,B",4.79,SKEMPI2(AB_BIND),7,SPR
1031,1FC2,A149F,C,D,0.06,SKEMPI2,8,SPR
1032,1FC2,W149F,C,D,0,SKEMPI2,8,FL
1033,1FC2,W135I,C,D,3.14,SKEMPI2,8,FL
1034,1FC2,A150I,C,D,5.27,SKEMPI2,8,SPR
1035,1FC2,A154K,C,D,1.53,SKEMPI2,8,SPR
1036,1FC2,D136L,C,D,1.43,SKEMPI2,8,SPR
1037,1FC2,W163L,C,D,0,SKEMPI2,8,FL
1038,1FC2,A147N,C,D,0.61,SKEMPI2,8,SPR
1039,1FC2,W133Y,C,D,0.41,SKEMPI2,8,FL
1040,1FCC,A40D,C,"A,B",0.27,SKEMPI2,9,FL
1041,1FCC,A42E,C,"A,B",0.39,SKEMPI2,9,FL
1042,1FCC,A28K,C,"A,B",1.26,SKEMPI2,9,FL
1043,1FCC,A31K,C,"A,B",3.48,SKEMPI2,9,FL
1044,1FCC,A35N,C,"A,B",2.36,SKEMPI2,9,FL
1045,1FCC,A25T,C,"A,B",0.24,SKEMPI2,9,FL
1046,1FCC,A43W,C,"A,B",3.77,SKEMPI2,9,FL
1047,1FFW,V90A,A,B,0.09,SKEMPI2(AB_BIND),10,ELISA
1048,1FFW,K13D,A,B,0.05,SKEMPI2(AB_BIND),10,ELISA
1049,1FFW,K117E,A,B,0.71,SKEMPI2(AB_BIND),10,ELISA
1050,1FFW,K93E,A,B,0.82,SKEMPI2(AB_BIND),10,ELISA
1051,1FFW,V111F,A,B,1.26,SKEMPI2(AB_BIND),10,ELISA
1052,1FFW,I112T,A,B,0.56,SKEMPI2(AB_BIND),10,ELISA
1053,1FFW,I87T,A,B,-0.32,SKEMPI2(AB_BIND),10,ELISA
1054,1FFW,M108V,A,B,1.13,SKEMPI2(AB_BIND),10,ELISA
1055,1FFW,W106Y,A,B,0.71,SKEMPI2(AB_BIND),10,ELISA
1056,1JRH,A54D,H,I,1.89,SKEMPI2,11,SPR
1057,1JRH,A55D,H,I,1.67,SKEMPI2,11,SPR
1058,1JRH,A56D,H,I,1.85,SKEMPI2,11,SPR
1059,1JRH,A28D,L,I,0.43,SKEMPI2,11,SPR
1060,1JRH,Q45E,I,"H,L",0.11,SKEMPI2(AB_BIND),11,SPR
1061,1JRH,A55E,I,"H,L",-0.43,SKEMPI2,11,SPR
1062,1JRH,P55E,I,"H,L",-3.79,SKEMPI2,11,SPR
1063,1JRH,A27E,L,I,0.54,SKEMPI2,11,SPR
1064,1JRH,A98F,H,I,0,SKEMPI2,11,SPR
1065,1JRH,A50G,I,"H,L",4.53,SKEMPI2,11,SPR
1066,1JRH,A100BH,H,I,1.7,SKEMPI2,11,SPR
1067,1JRH,A47K,I,"H,L",3.58,SKEMPI2,11,SPR
1068,1JRH,M47K,I,"H,L",3.29,SKEMPI2,11,SPR
1069,1JRH,A52K,I,"H,L",2.98,SKEMPI2,11,SPR
1070,1JRH,M52K,I,"H,L",4.91,SKEMPI2,11,SPR
1071,1JRH,A98K,I,"H,L",-0.04,SKEMPI2,11,SPR
1072,1JRH,A48N,I,"H,L",-0.29,SKEMPI2,11,SPR
1073,1JRH,Q48N,I,"H,L",0.36,SKEMPI2,11,SPR
1074,1JRH,A53N,I,"H,L",3.89,SKEMPI2,11,SPR
1075,1JRH,A79N,I,"H,L",-0.4,SKEMPI2,11,SPR
1076,1JRH,A95R,H,I,0.54,SKEMPI2,11,SPR
1077,1JRH,A84R,I,"H,L",-0.25,SKEMPI2,11,SPR
1078,1JRH,A54S,I,"H,L",0.3,SKEMPI2,11,SPR
1079,1JRH,A93S,L,I,-0.65,SKEMPI2,11,SPR
1080,1JRH,V14T,I,"H,L",-0.02,SKEMPI2(AB_BIND),11,SPR
1081,1JRH,A94T,L,I,0.39,SKEMPI2,11,SPR
1082,1JRH,A51V,I,"H,L",1.88,SKEMPI2,11,SPR
1083,1JRH,A52W,H,I,2.69,SKEMPI2,11,SPR
1084,1JRH,A53W,H,I,2.42,SKEMPI2,11,SPR
1085,1JRH,F56W,I,"H,L",-0.66,SKEMPI2,11,SPR
1086,1JRH,Y56W,I,"H,L",0.02,SKEMPI2,11,SPR
1087,1JRH,A82W,I,"H,L",4.53,SKEMPI2,11,SPR
1088,1JRH,F82W,I,"H,L",1.11,SKEMPI2,11,SPR
1089,1JRH,Y82W,I,"H,L",1.14,SKEMPI2,11,SPR
1090,1JRH,A92W,L,I,2.82,SKEMPI2,11,SPR
1091,1JRH,A96W,L,I,1.67,SKEMPI2,11,SPR
1092,1JRH,A32Y,H,I,1.43,SKEMPI2,11,SPR
1093,1JRH,A58Y,H,I,1.26,SKEMPI2,11,SPR
1094,1JRH,A99Y,H,I,1.06,SKEMPI2,11,SPR
1095,1JRH,A49Y,I,"H,L",3.4,SKEMPI2,11,SPR
1096,1JRH,F49Y,I,"H,L",0.79,SKEMPI2,11,SPR
1097,1JRH,A30Y,L,I,1.11,SKEMPI2,11,SPR
1098,1JRH,A91Y,L,I,0.58,SKEMPI2,11,SPR
1099,1JTG,A49D,B,A,1.98,SKEMPI2(AB_BIND),12,IASP
1100,1JTG,A234K,A,B,0.82,SKEMPI2(AB_BIND),12,SPR
1101,1JTG,A243R,A,B,0.56,SKEMPI2(AB_BIND),12,SPR
1102,1JTG,A130S,A,B,0.5,SKEMPI2(AB_BIND),12,SPR
1103,1JTG,A235S,A,B,1.32,SKEMPI2(AB_BIND),12,SPR
1104,1KIP,Y32A,B,C,-0.8,SKEMPI2,13,ITC
1105,1KIQ,Y101F,B,C,-2.49,SKEMPI2,14,ITC
1106,1KIR,Y50S,A,C,-1.39,SKEMPI2,15,ITC
1107,1KTZ,A118D,B,A,0.9,SKEMPI2(AB_BIND),16,SPR
1108,1KTZ,A32D,B,A,1.4,SKEMPI2(AB_BIND),16,SPR
1109,1KTZ,N32D,B,A,1.7,SKEMPI2(AB_BIND),16,SPR
1110,1KTZ,A119E,B,A,1.4,SKEMPI2(AB_BIND),16,SPR
1111,1KTZ,Q119E,B,A,1.7,SKEMPI2(AB_BIND),16,SPR
1112,1KTZ,A55E,B,A,1.3,SKEMPI2(AB_BIND),16,SPR
1113,1KTZ,A75E,B,A,1,SKEMPI2(AB_BIND),16,SPR
1114,1KTZ,A110F,B,A,0.9,SKEMPI2(AB_BIND),16,SPR
1115,1KTZ,A30F,B,A,2.9,SKEMPI2(AB_BIND),16,SPR
1116,1KTZ,A79H,B,A,0.4,SKEMPI2(AB_BIND),16,SPR
1117,1KTZ,A125I,B,A,0.5,SKEMPI2(AB_BIND),16,SPR
1118,1KTZ,A50I,B,A,1.9,SKEMPI2(AB_BIND),16,SPR
1119,1KTZ,A53I,B,A,1.2,SKEMPI2(AB_BIND),16,SPR
1120,1KTZ,A27L,B,A,1.9,SKEMPI2(AB_BIND),16,SPR
1121,1KTZ,A112M,B,A,0.8,SKEMPI2(AB_BIND),16,SPR
1122,1KTZ,A47N,B,A,0.3,SKEMPI2(AB_BIND),16,SPR
1123,1KTZ,A49S,B,A,0.5,SKEMPI2(AB_BIND),16,SPR
1124,1KTZ,A52S,B,A,0.4,SKEMPI2(AB_BIND),16,SPR
1125,1KTZ,L52S,B,A,3.7,SKEMPI2(AB_BIND),16,SPR
1126,1KTZ,A51T,B,A,1.3,SKEMPI2(AB_BIND),16,SPR
1127,1KTZ,A62V,B,A,0.7,SKEMPI2(AB_BIND),16,SPR
1128,1KTZ,A77V,B,A,0.5,SKEMPI2(AB_BIND),16,SPR
1129,1MHP,W99F,H,A,0,SKEMPI2(AB_BIND),17,KinExA
1130,1MHP,Y99F,H,A,0.76,SKEMPI2(AB_BIND),17,ELISA
1131,1MHP,F100G,H,A,0.57,SKEMPI2(AB_BIND),17,KinExA
1132,1MHP,L100G,H,A,2.73,SKEMPI2(AB_BIND),17,ELISA
1133,1MHP,M100G,H,A,0.1,SKEMPI2(AB_BIND),17,KinExA
1134,1MHP,S100G,H,A,0.56,SKEMPI2(AB_BIND),17,ELISA
1135,1MHP,A53G,H,A,0.51,SKEMPI2(AB_BIND),17,ELISA
1136,1MHP,N53G,H,A,1.26,SKEMPI2(AB_BIND),17,ELISA
1137,1MHP,S53G,H,A,0.68,SKEMPI2(AB_BIND),17,ELISA
1138,1MHP,I54G,H,A,1.36,SKEMPI2(AB_BIND),17,ELISA
1139,1MHP,T54G,H,A,1.17,SKEMPI2(AB_BIND),17,ELISA
1140,1MHP,Y54G,H,A,0,SKEMPI2(AB_BIND),17,KinExA
1141,1MHP,Q92G,L,A,1.58,SKEMPI2(AB_BIND),17,ELISA
1142,1MHP,S92G,L,A,0.51,SKEMPI2(AB_BIND),17,ELISA
1143,1MHP,K31H,L,A,1.17,SKEMPI2(AB_BIND),17,ELISA
1144,1MHP,R31H,L,A,1.12,SKEMPI2(AB_BIND),17,ELISA
1145,1MHP,W31H,L,A,1.26,SKEMPI2(AB_BIND),17,ELISA
1146,1MHP,D64K,H,A,-0.12,SKEMPI2(AB_BIND),17,KinExA
1147,1MHP,E64K,H,A,-0.16,SKEMPI2(AB_BIND),17,KinExA
1148,1MHP,N64K,H,A,-0.07,SKEMPI2(AB_BIND),17,KinExA
1149,1MHP,Q64K,H,A,-0.16,SKEMPI2(AB_BIND),17,KinExA
1150,1MHP,D60L,H,A,-0.12,SKEMPI2(AB_BIND),17,KinExA
1151,1MHP,F49L,L,A,0.71,SKEMPI2(AB_BIND),17,ELISA
1152,1MHP,K49L,L,A,0.93,SKEMPI2(AB_BIND),17,KinExA
1153,1MHP,W49L,L,A,1.91,SKEMPI2(AB_BIND),17,ELISA
1154,1MHP,V30N,L,A,1.05,SKEMPI2(AB_BIND),17,ELISA
1155,1MHP,W30N,L,A,1.58,SKEMPI2(AB_BIND),17,ELISA
1156,1MHP,Y30N,L,A,1.91,SKEMPI2(AB_BIND),17,ELISA
1157,1MHP,D52N,L,A,0.5,SKEMPI2(AB_BIND),17,ELISA
1158,1MHP,E52N,L,A,-0.18,SKEMPI2(AB_BIND),17,KinExA
1159,1MHP,K52N,L,A,0.66,SKEMPI2(AB_BIND),17,ELISA
1160,1MHP,R52N,L,A,0.85,SKEMPI2(AB_BIND),17,ELISA
1161,1MHP,Y52N,L,A,-0.1,SKEMPI2(AB_BIND),17,KinExA
1162,1MHP,Q31R,H,A,1.31,SKEMPI2(AB_BIND),17,ELISA
1163,1MHP,A35S,H,A,1.58,SKEMPI2(AB_BIND),17,ELISA
1164,1MHP,Q35S,H,A,2.73,SKEMPI2(AB_BIND),17,ELISA
1165,1MHP,M52S,H,A,2.08,SKEMPI2(AB_BIND),17,ELISA
1166,1MHP,R24S,L,A,-0.07,SKEMPI2(AB_BIND),17,KinExA
1167,1MHP,Q28S,L,A,-0.67,SKEMPI2(AB_BIND),17,SPR
1168,1MHP,Q91S,L,A,1.78,SKEMPI2(AB_BIND),17,ELISA
1169,1MHP,R91S,L,A,2.73,SKEMPI2(AB_BIND),17,ELISA
1170,1MHP,T91S,L,A,2.32,SKEMPI2(AB_BIND),17,ELISA
1171,1MHP,N33T,H,A,2.73,SKEMPI2(AB_BIND),17,ELISA
1172,1MHP,V33T,H,A,0.43,SKEMPI2(AB_BIND),17,ELISA
1173,1MHP,V50T,H,A,-0.26,SKEMPI2(AB_BIND),17,KinExA
1174,1MHP,Q90W,L,A,2.08,SKEMPI2(AB_BIND),17,ELISA
1175,1MHP,E58Y,H,A,2.08,SKEMPI2(AB_BIND),17,ELISA
1176,1MHP,Q58Y,H,A,2.08,SKEMPI2(AB_BIND),17,ELISA
1177,1MHP,W58Y,H,A,0.82,SKEMPI2(AB_BIND),17,ELISA
1178,1MHP,E59Y,H,A,0.54,SKEMPI2(AB_BIND),17,ELISA
1179,1MLC,D65K,H,E,0.02,SKEMPI2(AB_BIND),18,FL
1180,1MLC,G32N,L,E,-0.85,SKEMPI2(AB_BIND),18,FL
1181,1MLC,Y32N,L,E,0,SKEMPI2(AB_BIND),18,FL
1182,1MLC,A92N,L,E,-1.25,SKEMPI2(AB_BIND),18,FL
1183,1MLC,A57S,H,E,-0.38,SKEMPI2(AB_BIND),18,FL
1184,1MLC,V57S,H,E,-0.49,SKEMPI2(AB_BIND),18,FL
1185,1MLC,D28T,H,E,-0.15,SKEMPI2(AB_BIND),18,FL
1186,1MLC,A31T,H,E,0.45,SKEMPI2(AB_BIND),18,FL
1187,1MLC,V31T,H,E,0.53,SKEMPI2(AB_BIND),18,FL
1188,1MLC,W31T,H,E,0.13,SKEMPI2(AB_BIND),18,FL
1189,1MLC,D58T,H,E,-0.56,SKEMPI2(AB_BIND),18,FL
1190,1N8Z,A31D,H,C,0.25,SKEMPI2(AB_BIND),19,SPR
1191,1N8Z,A98D,H,C,1.21,SKEMPI2(AB_BIND),19,SPR
1192,1N8Z,W98D,H,C,-0.69,SKEMPI2(AB_BIND),19,SPR
1193,1N8Z,N28D,L,C,-0.28,SKEMPI2(AB_BIND),19,SPR
1194,1N8Z,A555F,C,"H,L",0.04,SKEMPI2,19,SPR
1195,1N8Z,A100F,H,C,1.17,SKEMPI2(AB_BIND),19,SPR
1196,1N8Z,N53F,L,C,1.21,SKEMPI2(AB_BIND),19,SPR
1197,1N8Z,F91H,L,C,-0.2,SKEMPI2(AB_BIND),19,SPR
1198,1N8Z,A30K,H,C,0.61,SKEMPI2(AB_BIND),19,SPR
1199,1N8Z,A525L,C,"H,L",-0.02,SKEMPI2,19,SPR
1200,1N8Z,A54N,H,C,-0.15,SKEMPI2(AB_BIND),19,SPR
1201,1N8Z,A30N,L,C,1.12,SKEMPI2(AB_BIND),19,SPR
1202,1N8Z,S30N,L,C,0.06,SKEMPI2(AB_BIND),19,SPR
1203,1N8Z,A50R,H,C,2.93,SKEMPI2,19,SPR
1204,1N8Z,A58R,H,C,1.78,SKEMPI2,19,SPR
1205,1N8Z,G66R,L,C,0.22,SKEMPI2(AB_BIND),19,SPR
1206,1N8Z,A551S,C,"H,L",0.03,SKEMPI2,19,SPR
1207,1N8Z,A50S,L,C,-0.07,SKEMPI2(AB_BIND),19,SPR
1208,1N8Z,A52S,L,C,-0.31,SKEMPI2(AB_BIND),19,SPR
1209,1N8Z,A32T,H,C,0.38,SKEMPI2(AB_BIND),19,SPR
1210,1N8Z,A53T,H,C,0.78,SKEMPI2(AB_BIND),19,SPR
1211,1N8Z,A31T,L,C,0.8,SKEMPI2(AB_BIND),19,SPR
1212,1N8Z,A93T,L,C,0.82,SKEMPI2(AB_BIND),19,SPR
1213,1N8Z,A94T,L,C,-0.12,SKEMPI2(AB_BIND),19,SPR
1214,1N8Z,S94T,L,C,0.31,SKEMPI2(AB_BIND),19,SPR
1215,1N8Z,A552V,C,"H,L",0.01,SKEMPI2,19,SPR
1216,1N8Z,F100AY,H,C,0.39,SKEMPI2(AB_BIND),19,SPR
1217,1N8Z,V102Y,H,C,0.22,SKEMPI2(AB_BIND),19,SPR
1218,1N8Z,A33Y,H,C,-0.09,SKEMPI2(AB_BIND),19,SPR
1219,1N8Z,A52Y,H,C,0.23,SKEMPI2(AB_BIND),19,SPR
1220,1N8Z,A56Y,H,C,0.87,SKEMPI2(AB_BIND),19,SPR
1221,1N8Z,A49Y,L,C,1.05,SKEMPI2(AB_BIND),19,SPR
1222,1N8Z,A92Y,L,C,1.36,SKEMPI2(AB_BIND),19,SPR
1223,1N8Z,F92Y,L,C,-0.21,SKEMPI2(AB_BIND),19,SPR
1224,1NCA,K97D,H,N,0.71,SKEMPI2,20,FL
1225,1NCA,D96E,H,N,0.41,SKEMPI2,20,FL
1226,1NCA,Q31N,H,N,0,SKEMPI2,20,FL
1227,1NCA,Q98N,H,N,0.54,SKEMPI2,20,FL
1228,1NMB,E56D,H,N,2.95,SKEMPI2,21,SPR
1229,1NMB,N56D,H,N,2.95,SKEMPI2,21,SPR
1230,1NMB,V94L,L,N,0.9,SKEMPI2,21,SPR
1231,1NMB,F93T,L,N,-0.02,SKEMPI2,21,SPR
1232,1NMB,W93T,L,N,0.18,SKEMPI2,21,SPR
1233,1NMB,F100AY,H,N,1.42,SKEMPI2,21,SPR
1234,1NMB,A99Y,H,N,2.14,SKEMPI2,21,SPR
1235,1NMB,F32Y,L,N,0.47,SKEMPI2,21,SPR
1236,1VFB,A119D,C,"L,H",1,SKEMPI2(AB_BIND),22,SPR
1237,1VFB,A18D,C,"L,H",0.3,SKEMPI2(AB_BIND),22,SPR
1238,1VFB,A100D,H,C,2.9,SKEMPI2(AB_BIND),22,SPR
1239,1VFB,A54D,H,C,1,SKEMPI2(AB_BIND),22,SPR
1240,1VFB,A58D,H,C,-0.21,SKEMPI2,22,SPR
1241,1VFB,E58D,H,C,0.08,SKEMPI2(AB_BIND),22,FL
1242,1VFB,N58D,H,C,-0.13,SKEMPI2(AB_BIND),22,FL
1243,1VFB,A98E,H,C,1.16,SKEMPI2,22,SPR
1244,1VFB,A31G,H,C,0.3,SKEMPI2(AB_BIND),22,FL
1245,1VFB,E31G,H,C,-0.51,SKEMPI2(AB_BIND),22,FL
1246,1VFB,W31G,H,C,0.01,SKEMPI2(AB_BIND),22,FL
1247,1VFB,A30H,L,C,0.84,SKEMPI2,22,SPR
1248,1VFB,A124I,C,"L,H",1.2,SKEMPI2(AB_BIND),22,SPR
1249,1VFB,A116K,C,"L,H",0.7,SKEMPI2(AB_BIND),22,SPR
1250,1VFB,A129L,C,"L,H",0.2,SKEMPI2(AB_BIND),22,SPR
1251,1VFB,A19N,C,"L,H",0.3,SKEMPI2(AB_BIND),22,SPR
1252,1VFB,A56N,H,C,0.18,SKEMPI2,22,SPR
1253,1VFB,W31N,L,C,0.17,SKEMPI2(AB_BIND),22,FL
1254,1VFB,A121Q,C,"L,H",2.9,SKEMPI2(AB_BIND),22,SPR
1255,1VFB,A125R,C,"L,H",1.8,SKEMPI2(AB_BIND),22,SPR
1256,1VFB,A99R,H,C,-0.1,SKEMPI2,22,SPR
1257,1VFB,W99R,H,C,0.71,SKEMPI2(AB_BIND),22,FL
1258,1VFB,Y99R,H,C,1.26,SKEMPI2(AB_BIND),22,FL
1259,1VFB,A24S,C,"L,H",0.8,SKEMPI2(AB_BIND),22,SPR
1260,1VFB,D28S,H,C,0,SKEMPI2(AB_BIND),22,FL
1261,1VFB,E28S,H,C,-0.1,SKEMPI2(AB_BIND),22,FL
1262,1VFB,N28S,H,C,0.15,SKEMPI2(AB_BIND),22,FL
1263,1VFB,Q28S,H,C,0.08,SKEMPI2(AB_BIND),22,FL
1264,1VFB,A93S,L,C,0.34,SKEMPI2,22,SPR
1265,1VFB,A118T,C,"L,H",0.8,SKEMPI2(AB_BIND),22,SPR
1266,1VFB,A30T,H,C,-0.06,SKEMPI2,22,SPR
1267,1VFB,F52T,L,C,0.47,SKEMPI2(AB_BIND),22,SPR
1268,1VFB,R53T,L,C,1.67,SKEMPI2(AB_BIND),22,SPR
1269,1VFB,A120V,C,"L,H",0.9,SKEMPI2(AB_BIND),22,SPR
1270,1VFB,A52W,H,C,0.9,SKEMPI2(AB_BIND),22,SPR
1271,1VFB,A92W,L,C,3.3,SKEMPI2(AB_BIND),22,SPR
1272,1VFB,A23Y,C,"L,H",0.4,SKEMPI2(AB_BIND),22,SPR
1273,1VFB,A101Y,H,C,4,SKEMPI2(AB_BIND),22,SPR
1274,1VFB,F101Y,H,C,1.6,SKEMPI2(AB_BIND),22,SPR
1275,1VFB,A32Y,H,C,1.1,SKEMPI2(AB_BIND),22,SPR
1276,1VFB,E32Y,H,C,1.91,SKEMPI2(AB_BIND),22,FL
1277,1VFB,A32Y,L,C,1.7,SKEMPI2(AB_BIND),22,SPR
1278,1VFB,A49Y,L,C,0.8,SKEMPI2,22,SPR
1279,1VFB,A50Y,L,C,0.5,SKEMPI2(AB_BIND),22,SPR
1280,1VFB,K50Y,L,C,1.67,SKEMPI2(AB_BIND),22,FL
1281,1VFB,R50Y,L,C,0.85,SKEMPI2(AB_BIND),22,FL
1282,1XGP,F33A,B,C,-4.06,SKEMPI2,23,ITC
1283,1XGP,I33A,B,C,-2.26,SKEMPI2,23,ITC
1284,1XGP,L33A,B,C,-2.2,SKEMPI2,23,ITC
1285,1XGP,V33A,B,C,-1.15,SKEMPI2,23,ITC
1286,1XGQ,A33V,B,C,1.15,SKEMPI2,24,ITC
1287,1XGQ,F33V,B,C,-2.91,SKEMPI2,24,ITC
1288,1XGQ,I33V,B,C,-1.11,SKEMPI2,24,ITC
1289,1XGQ,L33V,B,C,-1.05,SKEMPI2,24,ITC
1290,1XGR,A33I,B,C,2.26,SKEMPI2,25,ITC
1291,1XGR,F33I,B,C,-1.8,SKEMPI2,25,ITC
1292,1XGR,L33I,B,C,0.06,SKEMPI2,25,ITC
1293,1XGR,V33I,B,C,1.11,SKEMPI2,25,ITC
1294,1XGT,A33L,B,C,2.2,SKEMPI2,26,ITC
1295,1XGT,F33L,B,C,-1.86,SKEMPI2,26,ITC
1296,1XGT,I33L,B,C,-0.06,SKEMPI2,26,ITC
1297,1XGT,V33L,B,C,1.05,SKEMPI2,26,ITC
1298,1XGU,A33F,B,C,4.06,SKEMPI2,27,ITC
1299,1XGU,I33F,B,C,1.8,SKEMPI2,27,ITC
1300,1XGU,L33F,B,C,1.86,SKEMPI2,27,ITC
1301,1XGU,V33F,B,C,2.91,SKEMPI2,27,ITC
1302,1YQV,K45R,Y,"L,H",2,SKEMPI2,28,ITC
1303,1YY9,P25A,C,A,0.07,SKEMPI2,29,SPR
1304,1YY9,P98A,D,A,1.04,SKEMPI2,29,SPR
1305,1YY9,P54G,D,A,0.27,SKEMPI2,29,SPR
1306,1YY9,P29L,D,A,0.03,SKEMPI2,29,SPR
1307,1YY9,A93N,C,A,-0.74,SKEMPI2(AB_BIND),29,FL
1308,1YY9,A56N,D,A,-0.06,SKEMPI2(AB_BIND),29,FL
1309,1YY9,D26S,C,A,-0.2,SKEMPI2(AB_BIND),29,FL
1310,1YY9,P26S,C,A,-0.01,SKEMPI2,29,SPR
1311,1YY9,P28S,C,A,-0.22,SKEMPI2,29,SPR
1312,1YY9,P54S,C,A,-0.02,SKEMPI2,29,SPR
1313,1YY9,P53S,D,A,0.82,SKEMPI2,29,SPR
1314,1YY9,E31T,C,A,-0.52,SKEMPI2(AB_BIND),29,FL
1315,1YY9,P96T,C,A,4,SKEMPI2,29,SPR
1316,1YY9,E61T,D,A,-0.06,SKEMPI2(AB_BIND),29,FL
1317,1YY9,P52W,D,A,1.48,SKEMPI2,29,SPR
1318,1YY9,P101Y,D,A,1.65,SKEMPI2,29,SPR
1319,2B2X,K64E,H,A,-0.16,SKEMPI2,30,KinExA
1320,2B2X,T50V,H,A,0.09,SKEMPI2,30,KinExA
1321,2B2X,E52Y,L,A,-0.22,SKEMPI2,30,KinExA
1322,2BDN,E31D,H,A,1.09,SKEMPI2,31,SPR
1323,2BDN,K27L,H,A,0.87,SKEMPI2,31,SPR
1324,2BDN,R27L,H,A,0.65,SKEMPI2,31,SPR
1325,2BDN,D28N,H,A,0.13,SKEMPI2,31,SPR
1326,2BDN,Q28N,H,A,1.4,SKEMPI2,31,SPR
1327,2BDN,K31N,L,A,3.49,SKEMPI2,31,SPR
1328,2BDN,R31N,L,A,-0.92,SKEMPI2,31,SPR
1329,2BDN,D53S,L,A,-0.16,SKEMPI2,31,SPR
1330,2BDN,E53S,L,A,-0.85,SKEMPI2,31,SPR
1331,2BDN,D56T,L,A,-0.43,SKEMPI2,31,SPR
1332,2BDN,E56T,L,A,-0.69,SKEMPI2,31,SPR
1333,2BDN,K30Y,L,A,0.67,SKEMPI2,31,SPR
1334,2JEL,S82A,P,"L,H",0,SKEMPI2(AB_BIND),32,CSPRIA
1335,2JEL,E69D,P,"L,H",0.96,SKEMPI2(AB_BIND),32,CSPRIA
1336,2JEL,D5E,P,"L,H",0.41,SKEMPI2(AB_BIND),32,CSPRIA
1337,2JEL,Q5E,P,"L,H",0.72,SKEMPI2(AB_BIND),32,CSPRIA
1338,2JEL,K66E,P,"L,H",4.13,SKEMPI2(AB_BIND),32,CSPRIA
1339,2JEL,A68E,P,"L,H",0.41,SKEMPI2(AB_BIND),32,CSPRIA
1340,2JEL,A70E,P,"L,H",2.75,SKEMPI2(AB_BIND),32,CSPRIA
1341,2JEL,K70E,P,"L,H",4.13,SKEMPI2(AB_BIND),32,CSPRIA
1342,2JEL,R75E,P,"L,H",2.75,SKEMPI2(AB_BIND),32,CSPRIA
1343,2JEL,A83E,P,"L,H",0,SKEMPI2(AB_BIND),32,CSPRIA
1344,2JEL,A85E,P,"L,H",0,SKEMPI2(AB_BIND),32,CSPRIA
1345,2JEL,D85E,P,"L,H",0,SKEMPI2(AB_BIND),32,CSPRIA
1346,2JEL,K85E,P,"L,H",0,SKEMPI2(AB_BIND),32,CSPRIA
1347,2JEL,Q85E,P,"L,H",0,SKEMPI2(AB_BIND),32,CSPRIA
1348,2JEL,W2F,P,"L,H",2.64,SKEMPI2(AB_BIND),32,CSPRIA
1349,2JEL,Y2F,P,"L,H",0,SKEMPI2(AB_BIND),32,CSPRIA
1350,2JEL,A76H,P,"L,H",-0.41,SKEMPI2(AB_BIND),32,CSPRIA
1351,2JEL,D76H,P,"L,H",-0.66,SKEMPI2(AB_BIND),32,CSPRIA
1352,2JEL,E24K,P,"L,H",0,SKEMPI2(AB_BIND),32,CSPRIA
1353,2JEL,E27K,P,"L,H",0,SKEMPI2(AB_BIND),32,CSPRIA
1354,2JEL,E72K,P,"L,H",0.41,SKEMPI2(AB_BIND),32,CSPRIA
1355,2JEL,R72K,P,"L,H",0,SKEMPI2(AB_BIND),32,CSPRIA
1356,2JEL,E79K,P,"L,H",0.41,SKEMPI2(AB_BIND),32,CSPRIA
1357,2JEL,D12N,P,"L,H",0,SKEMPI2(AB_BIND),32,CSPRIA
1358,2JEL,T38N,P,"L,H",0,SKEMPI2(AB_BIND),32,CSPRIA
1359,2JEL,E11P,P,"L,H",0,SKEMPI2(AB_BIND),32,CSPRIA
1360,2JEL,K3Q,P,"L,H",4.13,SKEMPI2(AB_BIND),32,CSPRIA
1361,2JEL,K4Q,P,"L,H",1.38,SKEMPI2(AB_BIND),32,CSPRIA
1362,2JEL,E57Q,P,"L,H",-0.41,SKEMPI2(AB_BIND),32,CSPRIA
1363,2JEL,E71Q,P,"L,H",2.75,SKEMPI2(AB_BIND),32,CSPRIA
1364,2JEL,G17R,P,"L,H",0,SKEMPI2(AB_BIND),32,CSPRIA
1365,2JEL,K17R,P,"L,H",0,SKEMPI2(AB_BIND),32,CSPRIA
1366,2JEL,C41S,P,"L,H",1.51,SKEMPI2(AB_BIND),32,CSPRIA
1367,2JEL,C43S,P,"L,H",0,SKEMPI2(AB_BIND),32,CSPRIA
1368,2JEL,C46S,P,"L,H",0,SKEMPI2(AB_BIND),32,CSPRIA
1369,2JEL,T64S,P,"L,H",4.13,SKEMPI2(AB_BIND),32,CSPRIA
1370,2JEL,N34T,P,"L,H",6.82,SKEMPI2,32,CSPRIA
1371,2JEL,Q34T,P,"L,H",0,SKEMPI2(AB_BIND),32,CSPRIA
1372,2JEL,Q36T,P,"L,H",0.41,SKEMPI2(AB_BIND),32,CSPRIA
1373,2JEL,A62T,P,"L,H",0,SKEMPI2(AB_BIND),32,CSPRIA
1374,2JEL,N62T,P,"L,H",0,SKEMPI2(AB_BIND),32,CSPRIA
1375,2JEL,N7T,P,"L,H",0.41,SKEMPI2(AB_BIND),32,CSPRIA
1376,2JEL,S7T,P,"L,H",0,SKEMPI2(AB_BIND),32,CSPRIA
1377,2JEL,F6V,P,"L,H",0,SKEMPI2(AB_BIND),32,CSPRIA
1378,2NYY,A1058D,A,"L,H",0.01,SKEMPI2(AB_BIND),33,KinExA
1379,2NYY,A1062D,A,"L,H",2.53,SKEMPI2(AB_BIND),33,KinExA
1380,2NYY,Y30D,L,A,0.65,SKEMPI2(AB_BIND),33,KinExA
1381,2NYY,A920E,A,"L,H",2.84,SKEMPI2(AB_BIND),33,KinExA
1382,2NYY,Q6E,H,A,-0.25,SKEMPI2,33,KinExA
1383,2NYY,A917F,A,"L,H",0.42,SKEMPI2(AB_BIND),33,KinExA
1384,2NYY,A953F,A,"L,H",4.06,SKEMPI2(AB_BIND),33,KinExA
1385,2NYY,A1064H,A,"L,H",7.32,SKEMPI2(AB_BIND),33,KinExA
1386,2NYY,Q34H,L,A,-0.06,SKEMPI2,33,KinExA
1387,2NYY,R34H,L,A,0.1,SKEMPI2(AB_BIND),33,KinExA
1388,2NYY,A956I,A,"L,H",-0.01,SKEMPI2(AB_BIND),33,KinExA
1389,2NYY,A1056K,A,"L,H",-0.03,SKEMPI2(AB_BIND),33,KinExA
1390,2NYY,A903K,A,"L,H",0.29,SKEMPI2(AB_BIND),33,KinExA
1391,2NYY,A923K,A,"L,H",-0.14,SKEMPI2(AB_BIND),33,KinExA
1392,2NYY,R30K,H,A,0.07,SKEMPI2(AB_BIND),33,KinExA
1393,2NYY,A919L,A,"L,H",2.59,SKEMPI2(AB_BIND),33,KinExA
1394,2NYY,Q34M,H,A,-0.06,SKEMPI2(AB_BIND),33,KinExA
1395,2NYY,A918N,A,"L,H",0.89,SKEMPI2(AB_BIND),33,KinExA
1396,2NYY,A954N,A,"L,H",0.1,SKEMPI2(AB_BIND),33,KinExA
1397,2NYY,A915Q,A,"L,H",0.52,SKEMPI2(AB_BIND),33,KinExA
1398,2NYY,A1061R,A,"L,H",0.82,SKEMPI2(AB_BIND),33,KinExA
1399,2NYY,A1294R,A,"L,H",0.3,SKEMPI2(AB_BIND),33,KinExA
1400,2NYY,A902S,A,"L,H",-0.23,SKEMPI2(AB_BIND),33,KinExA
1401,2NYY,A955S,A,"L,H",0,SKEMPI2(AB_BIND),33,KinExA
1402,2NYY,Q28S,L,A,0.42,SKEMPI2(AB_BIND),33,KinExA
1403,2NYY,N31S,L,A,-0.36,SKEMPI2(AB_BIND),33,KinExA
1404,2NYY,A1063T,A,"L,H",1.62,SKEMPI2(AB_BIND),33,KinExA
1405,2NYY,I37V,H,A,-0.22,SKEMPI2,33,KinExA
1406,2NYY,D31Y,H,A,0.07,SKEMPI2(AB_BIND),33,KinExA
1407,2NYY,Q31Y,H,A,0.13,SKEMPI2(AB_BIND),33,KinExA
1408,2NYY,Q57Y,H,A,0.52,SKEMPI2(AB_BIND),33,KinExA
1409,2NZ9,A1058D,A,"L,H",-0.03,SKEMPI2(AB_BIND),34,KinExA
1410,2NZ9,A1062D,A,"L,H",2.34,SKEMPI2(AB_BIND),34,KinExA
1411,2NZ9,A920E,A,"L,H",2.77,SKEMPI2(AB_BIND),34,KinExA
1412,2NZ9,A917F,A,"L,H",-0.05,SKEMPI2(AB_BIND),34,KinExA
1413,2NZ9,A953F,A,"L,H",3.34,SKEMPI2(AB_BIND),34,KinExA
1414,2NZ9,A1064H,A,"L,H",7.42,SKEMPI2(AB_BIND),34,KinExA
1415,2NZ9,A956I,A,"L,H",0.07,SKEMPI2(AB_BIND),34,KinExA
1416,2NZ9,A1056K,A,"L,H",-0.01,SKEMPI2(AB_BIND),34,KinExA
1417,2NZ9,A903K,A,"L,H",0.54,SKEMPI2(AB_BIND),34,KinExA
1418,2NZ9,A923K,A,"L,H",-0.3,SKEMPI2(AB_BIND),34,KinExA
1419,2NZ9,A919L,A,"L,H",2.28,SKEMPI2(AB_BIND),34,KinExA
1420,2NZ9,A918N,A,"L,H",2.16,SKEMPI2(AB_BIND),34,KinExA
1421,2NZ9,A954N,A,"L,H",-0.15,SKEMPI2(AB_BIND),34,KinExA
1422,2NZ9,A915Q,A,"L,H",0.1,SKEMPI2(AB_BIND),34,KinExA
1423,2NZ9,A1061R,A,"L,H",0.29,SKEMPI2(AB_BIND),34,KinExA
1424,2NZ9,A1294R,A,"L,H",0.39,SKEMPI2(AB_BIND),34,KinExA
1425,2NZ9,A902S,A,"L,H",-0.12,SKEMPI2(AB_BIND),34,KinExA
1426,2NZ9,A955S,A,"L,H",-0.08,SKEMPI2(AB_BIND),34,KinExA
1427,2NZ9,A1063T,A,"L,H",2.37,SKEMPI2(AB_BIND),34,KinExA
1428,2VIR,L115S,C,"A,B",3.68,SKEMPI2,35,SPR
1429,2VIR,I89T,C,"A,B",4.91,SKEMPI2,35,SPR
1430,2VIS,T89I,C,"A,B",-4.91,SKEMPI2,36,SPR
1431,3BDY,A31D,H,V,0.2,SKEMPI2(AB_BIND),37,SPR
1432,3BDY,A98D,H,V,0,SKEMPI2(AB_BIND),37,SPR
1433,3BDY,A27AD,L,V,0,SKEMPI2(AB_BIND),37,SPR
1434,3BDY,A100F,H,V,0.7,SKEMPI2(AB_BIND),37,SPR
1435,3BDY,A96G,H,V,0.2,SKEMPI2(AB_BIND),37,SPR
1436,3BDY,A97G,H,V,-0.1,SKEMPI2(AB_BIND),37,SPR
1437,3BDY,A99G,H,V,0.8,SKEMPI2(AB_BIND),37,SPR
1438,3BDY,A31G,L,V,1.2,SKEMPI2(AB_BIND),37,SPR
1439,3BDY,A51G,L,V,1,SKEMPI2(AB_BIND),37,SPR
1440,3BDY,A91H,L,V,2,SKEMPI2(AB_BIND),37,SPR
1441,3BDY,A27BI,L,V,1.1,SKEMPI2(AB_BIND),37,SPR
1442,3BDY,A29I,L,V,0.8,SKEMPI2(AB_BIND),37,SPR
1443,3BDY,A30K,H,V,0.2,SKEMPI2(AB_BIND),37,SPR
1444,3BDY,A54N,H,V,-0.2,SKEMPI2(AB_BIND),37,SPR
1445,3BDY,A27CP,L,V,0.2,SKEMPI2(AB_BIND),37,SPR
1446,3BDY,A50R,H,V,-0.3,SKEMPI2(AB_BIND),37,SPR
1447,3BDY,A58R,H,V,-0.2,SKEMPI2(AB_BIND),37,SPR
1448,3BDY,A27DR,L,V,-0.2,SKEMPI2(AB_BIND),37,SPR
1449,3BDY,A28S,L,V,1,SKEMPI2(AB_BIND),37,SPR
1450,3BDY,A30S,L,V,1.3,SKEMPI2(AB_BIND),37,SPR
1451,3BDY,A52S,L,V,0.1,SKEMPI2(AB_BIND),37,SPR
1452,3BDY,A32T,H,V,-0.4,SKEMPI2(AB_BIND),37,SPR
1453,3BDY,A53T,H,V,-0.5,SKEMPI2(AB_BIND),37,SPR
1454,3BDY,A93T,L,V,-0.3,SKEMPI2(AB_BIND),37,SPR
1455,3BDY,A94T,L,V,0,SKEMPI2(AB_BIND),37,SPR
1456,3BDY,A95W,H,V,2,SKEMPI2(AB_BIND),37,SPR
1457,3BDY,A50W,L,V,1.3,SKEMPI2(AB_BIND),37,SPR
1458,3BDY,A100AY,H,V,0.5,SKEMPI2(AB_BIND),37,SPR
1459,3BDY,A33Y,H,V,0.3,SKEMPI2(AB_BIND),37,SPR
1460,3BDY,A52Y,H,V,0.4,SKEMPI2(AB_BIND),37,SPR
1461,3BDY,A56Y,H,V,0.2,SKEMPI2(AB_BIND),37,SPR
1462,3BDY,A32Y,L,V,1.7,SKEMPI2(AB_BIND),37,SPR
1463,3BDY,A53Y,L,V,0.7,SKEMPI2(AB_BIND),37,SPR
1464,3BDY,A92Y,L,V,1.4,SKEMPI2(AB_BIND),37,SPR
1465,3BE1,A31D,H,A,0.4,SKEMPI2(AB_BIND),38,SPR
1466,3BE1,A98D,H,A,-0.1,SKEMPI2(AB_BIND),38,SPR
1467,3BE1,A27AD,L,A,0,SKEMPI2(AB_BIND),38,SPR
1468,3BE1,A100F,H,A,1.9,SKEMPI2(AB_BIND),38,SPR
1469,3BE1,A96G,H,A,0.1,SKEMPI2(AB_BIND),38,SPR
1470,3BE1,A97G,H,A,0.3,SKEMPI2(AB_BIND),38,SPR
1471,3BE1,A99G,H,A,1.8,SKEMPI2(AB_BIND),38,SPR
1472,3BE1,A31G,L,A,0.3,SKEMPI2(AB_BIND),38,SPR
1473,3BE1,A51G,L,A,-0.3,SKEMPI2(AB_BIND),38,SPR
1474,3BE1,A91H,L,A,0.9,SKEMPI2(AB_BIND),38,SPR
1475,3BE1,A27BI,L,A,-0.2,SKEMPI2(AB_BIND),38,SPR
1476,3BE1,A29I,L,A,0.9,SKEMPI2(AB_BIND),38,SPR
1477,3BE1,A30K,H,A,-0.3,SKEMPI2(AB_BIND),38,SPR
1478,3BE1,A54N,H,A,-0.8,SKEMPI2(AB_BIND),38,SPR
1479,3BE1,A27CP,L,A,0.1,SKEMPI2(AB_BIND),38,SPR
1480,3BE1,A50R,H,A,2.4,SKEMPI2(AB_BIND),38,SPR
1481,3BE1,A58R,H,A,2.5,SKEMPI2(AB_BIND),38,SPR
1482,3BE1,A27DR,L,A,-0.2,SKEMPI2(AB_BIND),38,SPR
1483,3BE1,A28S,L,A,0.3,SKEMPI2(AB_BIND),38,SPR
1484,3BE1,A30S,L,A,-0.2,SKEMPI2(AB_BIND),38,SPR
1485,3BE1,A52S,L,A,0.3,SKEMPI2(AB_BIND),38,SPR
1486,3BE1,A32T,H,A,-0.4,SKEMPI2(AB_BIND),38,SPR
1487,3BE1,A53T,H,A,0.1,SKEMPI2(AB_BIND),38,SPR
1488,3BE1,A93T,L,A,-0.4,SKEMPI2(AB_BIND),38,SPR
1489,3BE1,A94T,L,A,1.4,SKEMPI2(AB_BIND),38,SPR
1490,3BE1,A95W,H,A,1.8,SKEMPI2(AB_BIND),38,SPR
1491,3BE1,A50W,L,A,1.4,SKEMPI2(AB_BIND),38,SPR
1492,3BE1,A100AY,H,A,1.2,SKEMPI2(AB_BIND),38,SPR
1493,3BE1,A33Y,H,A,2.4,SKEMPI2(AB_BIND),38,SPR
1494,3BE1,A52Y,H,A,-0.8,SKEMPI2(AB_BIND),38,SPR
1495,3BE1,A56Y,H,A,1.8,SKEMPI2(AB_BIND),38,SPR
1496,3BE1,A32Y,L,A,-0.8,SKEMPI2(AB_BIND),38,SPR
1497,3BE1,A53Y,L,A,0.9,SKEMPI2(AB_BIND),38,SPR
1498,3BE1,A92Y,L,A,0.5,SKEMPI2(AB_BIND),38,SPR
1499,3BN9,A217D,A,"L,H",0.57,SKEMPI2(AB_BIND),39,FL
1500,3BN9,A60AD,A,"L,H",0.42,SKEMPI2(AB_BIND),39,FL
1501,3BN9,A60BD,A,"L,H",0.31,SKEMPI2(AB_BIND),39,FL
1502,3BN9,A96D,A,"L,H",6.7,SKEMPI2(AB_BIND),39,FL
1503,3BN9,A169E,A,"L,H",0.37,SKEMPI2(AB_BIND),39,FL
1504,3BN9,A60EF,A,"L,H",-0.05,SKEMPI2(AB_BIND),39,FL
1505,3BN9,A94F,A,"L,H",0.64,SKEMPI2(AB_BIND),39,FL
1506,3BN9,A97F,A,"L,H",6.7,SKEMPI2(AB_BIND),39,FL
1507,3BN9,A143H,A,"L,H",0.09,SKEMPI2(AB_BIND),39,FL
1508,3BN9,A41I,A,"L,H",0,SKEMPI2(AB_BIND),39,FL
1509,3BN9,A60I,A,"L,H",0.84,SKEMPI2(AB_BIND),39,FL
1510,3BN9,A224K,A,"L,H",0.79,SKEMPI2(AB_BIND),39,FL
1511,3BN9,A153L,A,"L,H",0.34,SKEMPI2(AB_BIND),39,FL
1512,3BN9,A95N,A,"L,H",0.77,SKEMPI2(AB_BIND),39,FL
1513,3BN9,H100P,H,A,2.43,SKEMPI2,39,FL
1514,3BN9,A145Q,A,"L,H",0.13,SKEMPI2(AB_BIND),39,FL
1515,3BN9,A174Q,A,"L,H",-0.03,SKEMPI2(AB_BIND),39,FL
1516,3BN9,A175Q,A,"L,H",2.51,SKEMPI2(AB_BIND),39,FL
1517,3BN9,A221AQ,A,"L,H",0.71,SKEMPI2(AB_BIND),39,FL
1518,3BN9,A38Q,A,"L,H",-0.42,SKEMPI2(AB_BIND),39,FL
1519,3BN9,V100AQ,H,A,1.36,SKEMPI2(AB_BIND),39,FL
1520,3BN9,A222R,A,"L,H",-0.09,SKEMPI2(AB_BIND),39,FL
1521,3BN9,A60CR,A,"L,H",-0.05,SKEMPI2(AB_BIND),39,FL
1522,3BN9,A60FR,A,"L,H",-0.07,SKEMPI2(AB_BIND),39,FL
1523,3BN9,A87R,A,"L,H",-0.16,SKEMPI2(AB_BIND),39,FL
1524,3BN9,G30S,H,A,1.36,SKEMPI2(AB_BIND),39,FL
1525,3BN9,N30S,H,A,1.36,SKEMPI2(AB_BIND),39,FL
1526,3BN9,A150T,A,"L,H",0.29,SKEMPI2(AB_BIND),39,FL
1527,3BN9,A98T,A,"L,H",1.13,SKEMPI2(AB_BIND),39,FL
1528,3BN9,R28T,H,A,0.3,SKEMPI2(AB_BIND),39,FL
1529,3BN9,Q98T,H,A,0,SKEMPI2(AB_BIND),39,FL
1530,3BN9,R98T,H,A,-0.06,SKEMPI2(AB_BIND),39,FL
1531,3BN9,A146Y,A,"L,H",1.09,SKEMPI2(AB_BIND),39,FL
1532,3BN9,A60GY,A,"L,H",0.02,SKEMPI2(AB_BIND),39,FL
1533,3BN9,S99Y,H,A,0.41,SKEMPI2(AB_BIND),39,FL
1534,3G6D,A104H,H,A,-0.95,SKEMPI2,40,SPR
1535,3G6D,A105W,H,A,-1.5,SKEMPI2,40,SPR
1536,3HFM,A95C,H,Y,5.52,SKEMPI2(AB_BIND),41,unknown
1537,3HFM,F95C,H,Y,3.25,SKEMPI2(AB_BIND),41,unknown
1538,3HFM,A32D,H,Y,1.9,SKEMPI2(AB_BIND),41,SP
1539,3HFM,N32D,H,Y,0.17,SKEMPI2(AB_BIND),41,SP
1540,3HFM,A101D,Y,"L,H",0.95,SKEMPI2,41,IASP
1541,3HFM,E101D,Y,"L,H",2.29,SKEMPI2,41,IASP
1542,3HFM,F101D,Y,"L,H",2.49,SKEMPI2,41,IASP
1543,3HFM,G101D,Y,"L,H",0.52,SKEMPI2,41,IASP
1544,3HFM,K101D,Y,"L,H",2.28,SKEMPI2,41,IASP
1545,3HFM,N101D,Y,"L,H",1.64,SKEMPI2,41,IASP
1546,3HFM,Q101D,Y,"L,H",2.24,SKEMPI2,41,IASP
1547,3HFM,R101D,Y,"L,H",2.44,SKEMPI2,41,IASP
1548,3HFM,S101D,Y,"L,H",2.03,SKEMPI2,41,IASP
1549,3HFM,V102G,Y,"L,H",0.55,SKEMPI2,41,IASP
1550,3HFM,A15H,Y,"L,H",-0.45,SKEMPI2,41,IASP
1551,3HFM,A98I,Y,"L,H",0,SKEMPI2,41,IASP
1552,3HFM,A96K,Y,"L,H",6.83,SKEMPI2(AB_BIND),41,SP
1553,3HFM,M96K,Y,"L,H",6.78,SKEMPI2,41,IASP
1554,3HFM,R96K,Y,"L,H",5.35,SKEMPI2,41,IASP
1555,3HFM,A97K,Y,"L,H",6.18,SKEMPI2(AB_BIND),41,SP
1556,3HFM,D97K,Y,"L,H",6.77,SKEMPI2,41,IASP
1557,3HFM,E97K,Y,"L,H",3.6,SKEMPI2,41,IASP
1558,3HFM,G97K,Y,"L,H",6.43,SKEMPI2,41,IASP
1559,3HFM,M97K,Y,"L,H",1.09,SKEMPI2(AB_BIND),41,SP
1560,3HFM,R97K,Y,"L,H",3.05,SKEMPI2,41,IASP
1561,3HFM,A75L,Y,"L,H",0.7,SKEMPI2,41,IASP
1562,3HFM,A31N,L,Y,5.22,SKEMPI2(AB_BIND),41,SP
1563,3HFM,D31N,L,Y,1.34,SKEMPI2(AB_BIND),41,SP
1564,3HFM,E31N,L,Y,5.67,SKEMPI2(AB_BIND),41,SP
1565,3HFM,A32N,L,Y,5.11,SKEMPI2(AB_BIND),41,SP
1566,3HFM,D19N,Y,"L,H",0.41,SKEMPI2,41,IASP
1567,3HFM,K19N,Y,"L,H",0.24,SKEMPI2,41,IASP
1568,3HFM,Q19N,Y,"L,H",-0.04,SKEMPI2,41,IASP
1569,3HFM,A93N,Y,"L,H",0.21,SKEMPI2,41,IASP
1570,3HFM,A53Q,L,Y,0.95,SKEMPI2(AB_BIND),41,SP
1571,3HFM,A21R,Y,"L,H",1.03,SKEMPI2(AB_BIND),41,SP
1572,3HFM,E21R,Y,"L,H",2.61,SKEMPI2,41,IASP
1573,3HFM,G21R,Y,"L,H",2.57,SKEMPI2,41,IASP
1574,3HFM,H21R,Y,"L,H",2.32,SKEMPI2,41,IASP
1575,3HFM,K21R,Y,"L,H",1.91,SKEMPI2,41,IASP
1576,3HFM,M21R,Y,"L,H",2.05,SKEMPI2,41,IASP
1577,3HFM,N21R,Y,"L,H",2.49,SKEMPI2,41,IASP
1578,3HFM,Q21R,Y,"L,H",2.55,SKEMPI2,41,IASP
1579,3HFM,W21R,Y,"L,H",2.29,SKEMPI2,41,IASP
1580,3HFM,A73R,Y,"L,H",-0.33,SKEMPI2,41,IASP
1581,3HFM,A31S,H,Y,0.17,SKEMPI2(AB_BIND),41,SP
1582,3HFM,A100S,Y,"L,H",0.27,SKEMPI2,41,IASP
1583,3HFM,A89T,Y,"L,H",0,SKEMPI2,41,IASP
1584,3HFM,A98W,H,Y,5.54,SKEMPI2,41,SP
1585,3HFM,F98W,H,Y,3.27,SKEMPI2,41,SP
1586,3HFM,A63W,Y,"L,H",0.32,SKEMPI2,41,IASP
1587,3HFM,A33Y,H,Y,6,SKEMPI2(AB_BIND),41,SP
1588,3HFM,F33Y,H,Y,1.07,SKEMPI2,41,ITC
1589,3HFM,L33Y,H,Y,2.01,SKEMPI2,41,ITC
1590,3HFM,W33Y,H,Y,1.75,SKEMPI2,41,ITC
1591,3HFM,A50Y,H,Y,7.32,SKEMPI2,41,SP
1592,3HFM,F50Y,H,Y,1.61,SKEMPI2,41,ITC
1593,3HFM,L50Y,H,Y,2.85,SKEMPI2,41,ITC
1594,3HFM,A53Y,H,Y,3.25,SKEMPI2,41,ITC
1595,3HFM,F53Y,H,Y,0.62,SKEMPI2,41,ITC
1596,3HFM,L53Y,H,Y,0.81,SKEMPI2,41,ITC
1597,3HFM,W53Y,H,Y,0.71,SKEMPI2,41,ITC
1598,3HFM,A58Y,H,Y,1.68,SKEMPI2,41,ITC
1599,3HFM,F58Y,H,Y,0.36,SKEMPI2,41,ITC
1600,3HFM,L58Y,H,Y,1.51,SKEMPI2,41,ITC
1601,3HFM,A50Y,L,Y,4.57,SKEMPI2(AB_BIND),41,SP
1602,3HFM,F50Y,L,Y,2.36,SKEMPI2(AB_BIND),41,SP
1603,3HFM,L50Y,L,Y,4.4,SKEMPI2(AB_BIND),41,SP
1604,3HFM,A96Y,L,Y,2.71,SKEMPI2(AB_BIND),41,SP
1605,3HFM,F96Y,L,Y,1.4,SKEMPI2(AB_BIND),41,SP
1606,3HFM,A20Y,Y,"L,H",4.87,SKEMPI2(AB_BIND),41,SP
1607,3HFM,F20Y,Y,"L,H",-0.46,SKEMPI2,41,IASP
1608,3HFM,L20Y,Y,"L,H",2.18,SKEMPI2,41,IASP
1609,3K2M,A52E,D,A,2.5,SKEMPI2(AB_BIND),42,SPR
1610,3K2M,A88M,D,A,4,SKEMPI2(AB_BIND),42,SPR
1611,3K2M,A38R,D,A,2.5,SKEMPI2(AB_BIND),42,SPR
1612,3K2M,A80W,D,A,4,SKEMPI2(AB_BIND),42,SPR
1613,3K2M,A35Y,D,A,1,SKEMPI2(AB_BIND),42,SPR
1614,3K2M,A36Y,D,A,3.7,SKEMPI2(AB_BIND),42,SPR
1615,3K2M,A87Y,D,A,4,SKEMPI2(AB_BIND),42,SPR
1616,3L5X,A94Y,L,A,-0.83,SKEMPI2,43,SPR
1617,3LZF,E187D,A,"L,H",0.5,SKEMPI2,44,SP
1618,3LZF,G222D,A,"L,H",0.54,SKEMPI2,44,SP
1619,3N85,A32S,H,A,-0.13,SKEMPI2,45,SPR
1620,3N85,Y32S,H,A,0.06,SKEMPI2,45,SPR
1621,3N85,G50S,H,A,0.49,SKEMPI2,45,SPR
1622,3N85,Y52S,H,A,-0.79,SKEMPI2,45,SPR
1623,3N85,F100W,H,A,-0.02,SKEMPI2,45,SPR
1624,3N85,K30W,H,A,-0.79,SKEMPI2,45,SPR
1625,3N85,R30W,H,A,-0.55,SKEMPI2,45,SPR
1626,3N85,F91W,L,A,0.14,SKEMPI2,45,SPR
1627,3N85,Y94W,L,A,-0.04,SKEMPI2,45,SPR
1628,3NGB,G57A,H,G,0.06,SKEMPI2(AB_BIND),46,SPR
1629,3NGB,A103D,H,G,0.06,SKEMPI2,46,SPR
1630,3NGB,A88E,L,G,1.3,SKEMPI2,46,SPR
1631,3NGB,A89F,L,G,0.85,SKEMPI2,46,SPR
1632,3NGB,A55G,H,G,-1.26,SKEMPI2,46,SPR
1633,3NGB,S55G,H,G,-0.73,SKEMPI2(AB_BIND),46,SPR
1634,3NGB,A56G,H,G,1.25,SKEMPI2,46,SPR
1635,3NGB,A30I,H,G,0,SKEMPI2,46,SPR
1636,3NGB,T30I,H,G,-0.08,SKEMPI2(AB_BIND),46,SPR
1637,3NGB,A52K,H,G,0.61,SKEMPI2,46,SPR
1638,3NGB,N52K,H,G,-0.18,SKEMPI2(AB_BIND),46,SPR
1639,3NGB,A70M,H,G,0.52,SKEMPI2,46,SPR
1640,3NGB,A105N,H,G,1.1,SKEMPI2,46,SPR
1641,3NGB,A59N,H,G,1.74,SKEMPI2,46,SPR
1642,3NGB,A63P,H,G,-0.04,SKEMPI2,46,SPR
1643,3NGB,K63P,H,G,-0.23,SKEMPI2(AB_BIND),46,SPR
1644,3NGB,A65Q,H,G,-0.34,SKEMPI2,46,SPR
1645,3NGB,A25Q,L,G,-0.23,SKEMPI2,46,SPR
1646,3NGB,A54R,H,G,-0.26,SKEMPI2,46,SPR
1647,3NGB,N54R,H,G,-0.05,SKEMPI2(AB_BIND),46,SPR
1648,3NGB,A62R,H,G,0.98,SKEMPI2,46,SPR
1649,3NGB,Q62R,H,G,-0.1,SKEMPI2(AB_BIND),46,SPR
1650,3NGB,A72R,H,G,1.62,SKEMPI2,46,SPR
1651,3NGB,A28S,L,G,-0.14,SKEMPI2,46,SPR
1652,3NGB,A33T,H,G,0.7,SKEMPI2,46,SPR
1653,3NGB,Y33T,H,G,-0.08,SKEMPI2(AB_BIND),46,SPR
1654,3NGB,A58V,H,G,1.34,SKEMPI2,46,SPR
1655,3NGB,T58V,H,G,-0.14,SKEMPI2(AB_BIND),46,SPR
1656,3NGB,A74V,H,G,1.07,SKEMPI2,46,SPR
1657,3NGB,T74V,H,G,-0.16,SKEMPI2(AB_BIND),46,SPR
1658,3NGB,A1V,L,G,-0.76,SKEMPI2,46,SPR
1659,3NGB,A106W,H,G,4.39,SKEMPI2,46,SPR
1660,3NGB,A47W,H,G,1.18,SKEMPI2,46,SPR
1661,3NGB,A50W,H,G,1.27,SKEMPI2,46,SPR
1662,3NGB,A104Y,H,G,1.4,SKEMPI2,46,SPR
1663,3NGB,A60Y,H,G,0.54,SKEMPI2,46,SPR
1664,3NGB,A75Y,H,G,-0.2,SKEMPI2,46,SPR
1665,3NGB,S75Y,H,G,-0.33,SKEMPI2(AB_BIND),46,SPR
1666,3NGB,A26Y,L,G,0.97,SKEMPI2,46,SPR
1667,3NGB,S26Y,L,G,-0.64,SKEMPI2,46,SPR
1668,3NGB,A87Y,L,G,1.99,SKEMPI2,46,SPR
1669,3NPS,A214D,A,"B,C",1.48,SKEMPI2(AB_BIND),47,FL
1670,3NPS,A46D,A,"B,C",0.34,SKEMPI2(AB_BIND),47,FL
1671,3NPS,A47D,A,"B,C",1.08,SKEMPI2(AB_BIND),47,FL
1672,3NPS,A91D,A,"B,C",1.52,SKEMPI2(AB_BIND),47,FL
1673,3NPS,A163E,A,"B,C",0.62,SKEMPI2(AB_BIND),47,FL
1674,3NPS,A50F,A,"B,C",0.22,SKEMPI2(AB_BIND),47,FL
1675,3NPS,A89F,A,"B,C",1.61,SKEMPI2(AB_BIND),47,FL
1676,3NPS,A92F,A,"B,C",0.47,SKEMPI2(AB_BIND),47,FL
1677,3NPS,A138H,A,"B,C",1.89,SKEMPI2(AB_BIND),47,FL
1678,3NPS,A26I,A,"B,C",0.65,SKEMPI2(AB_BIND),47,FL
1679,3NPS,A45I,A,"B,C",-0.34,SKEMPI2(AB_BIND),47,FL
1680,3NPS,A221K,A,"B,C",-0.1,SKEMPI2(AB_BIND),47,FL
1681,3NPS,A147L,A,"B,C",0.3,SKEMPI2(AB_BIND),47,FL
1682,3NPS,A90N,A,"B,C",0.26,SKEMPI2(AB_BIND),47,FL
1683,3NPS,A140Q,A,"B,C",0.3,SKEMPI2(AB_BIND),47,FL
1684,3NPS,A168Q,A,"B,C",-0.06,SKEMPI2(AB_BIND),47,FL
1685,3NPS,A169Q,A,"B,C",0.75,SKEMPI2(AB_BIND),47,FL
1686,3NPS,A218Q,A,"B,C",-0.04,SKEMPI2(AB_BIND),47,FL
1687,3NPS,A23Q,A,"B,C",0.03,SKEMPI2(AB_BIND),47,FL
1688,3NPS,A219R,A,"B,C",-0.08,SKEMPI2(AB_BIND),47,FL
1689,3NPS,A48R,A,"B,C",-1.07,SKEMPI2(AB_BIND),47,FL
1690,3NPS,A51R,A,"B,C",0.14,SKEMPI2(AB_BIND),47,FL
1691,3NPS,A82R,A,"B,C",-0.15,SKEMPI2(AB_BIND),47,FL
1692,3NPS,A144T,A,"B,C",0.18,SKEMPI2(AB_BIND),47,FL
1693,3NPS,A93T,A,"B,C",0.73,SKEMPI2(AB_BIND),47,FL
1694,3NPS,A141Y,A,"B,C",1.79,SKEMPI2(AB_BIND),47,FL
1695,3NPS,A52Y,A,"B,C",0.46,SKEMPI2(AB_BIND),47,FL
1696,3SE8,A110D,H,G,-0.38,SKEMPI2,48,SPR
1697,3SE8,A114D,H,G,-0.24,SKEMPI2,48,SPR
1698,3SE8,A49D,L,G,0.84,SKEMPI2,48,SPR
1699,3SE8,A1E,L,G,-0.55,SKEMPI2,48,SPR
1700,3SE8,A91E,L,G,1.49,SKEMPI2,48,SPR
1701,3SE8,A115F,H,G,1.05,SKEMPI2,48,SPR
1702,3SE8,A90F,L,G,-0.85,SKEMPI2,48,SPR
1703,3SE8,A92F,L,G,0.82,SKEMPI2,48,SPR
1704,3SE8,A56G,H,G,0.35,SKEMPI2,48,SPR
1705,3SE8,A52K,H,G,1.09,SKEMPI2,48,SPR
1706,3SE8,A54L,H,G,0.05,SKEMPI2,48,SPR
1707,3SE8,A30N,L,G,0.19,SKEMPI2,48,SPR
1708,3SE8,A78P,H,G,0.02,SKEMPI2,48,SPR
1709,3SE8,A81P,H,G,-0.07,SKEMPI2,48,SPR
1710,3SE8,A63Q,H,G,1.1,SKEMPI2,48,SPR
1711,3SE8,A65Q,H,G,0.54,SKEMPI2,48,SPR
1712,3SE8,A76Q,H,G,0.1,SKEMPI2,48,SPR
1713,3SE8,A27Q,L,G,-0.21,SKEMPI2,48,SPR
1714,3SE8,A30R,H,G,-0.04,SKEMPI2,48,SPR
1715,3SE8,A62R,H,G,1.19,SKEMPI2,48,SPR
1716,3SE8,A72R,H,G,2.6,SKEMPI2,48,SPR
1717,3SE8,A59S,H,G,1.13,SKEMPI2,48,SPR
1718,3SE8,A58V,H,G,1.23,SKEMPI2,48,SPR
1719,3SE8,A47W,H,G,1.45,SKEMPI2,48,SPR
1720,3SE8,A50W,H,G,1.31,SKEMPI2,48,SPR
1721,3SE8,A55W,H,G,0.75,SKEMPI2,48,SPR
1722,3SE8,A111Y,H,G,0.82,SKEMPI2,48,SPR
1723,3SE8,A60Y,H,G,0.84,SKEMPI2,48,SPR
1724,3SE9,A77D,H,G,-0.75,SKEMPI2,49,SPR
1725,3SE9,A90E,L,G,0.41,SKEMPI2,49,SPR
1726,3SE9,A91F,L,G,0.02,SKEMPI2,49,SPR
1727,3SE9,A106G,H,G,-0.3,SKEMPI2,49,SPR
1728,3SE9,A107G,H,G,-0.61,SKEMPI2,49,SPR
1729,3SE9,A109G,H,G,0.18,SKEMPI2,49,SPR
1730,3SE9,A57G,H,G,0.45,SKEMPI2,49,SPR
1731,3SE9,A62G,H,G,0.05,SKEMPI2,49,SPR
1732,3SE9,A29G,L,G,0.46,SKEMPI2,49,SPR
1733,3SE9,A34L,H,G,0.56,SKEMPI2,49,SPR
1734,3SE9,A89L,L,G,0.95,SKEMPI2,49,SPR
1735,3SE9,A60N,H,G,1.5,SKEMPI2,49,SPR
1736,3SE9,A64P,H,G,-0.44,SKEMPI2,49,SPR
1737,3SE9,A67R,H,G,1.45,SKEMPI2,49,SPR
1738,3SE9,A74R,H,G,2.64,SKEMPI2,49,SPR
1739,3SE9,A76R,H,G,-0.23,SKEMPI2,49,SPR
1740,3SE9,A105T,H,G,-0.44,SKEMPI2,49,SPR
1741,3SE9,A56T,H,G,-0.85,SKEMPI2,49,SPR
1742,3SE9,A55V,H,G,-0.85,SKEMPI2,49,SPR
1743,3SE9,A59V,H,G,0.97,SKEMPI2,49,SPR
1744,3SE9,A3V,L,G,-0.49,SKEMPI2,49,SPR
1745,3SE9,A48W,H,G,1.04,SKEMPI2,49,SPR
1746,3SE9,A51W,H,G,1.26,SKEMPI2,49,SPR
1747,3SE9,A104Y,H,G,0.46,SKEMPI2,49,SPR
1748,3SE9,A28Y,L,G,1.1,SKEMPI2,49,SPR
1749,3W2D,N67K,A,"L,H",4.62,SKEMPI2,50,SPR
1750,3W2D,R67K,A,"L,H",-0.43,SKEMPI2,50,SPR
1751,3W2D,F45Y,A,"L,H",0.88,SKEMPI2,50,SPR
1752,3W2D,L45Y,A,"L,H",2.37,SKEMPI2,50,SPR
1753,4GXU,E189D,A,"N,M",2.17,SKEMPI2,51,SP
1754,4GXU,G224D,A,"N,M",1.96,SKEMPI2,51,SP
1755,4I77,A54D,H,Z,2.13,SKEMPI2,52,SPR
1756,4I77,A95N,L,Z,1.72,SKEMPI2,52,SPR
1757,4I77,A52W,H,Z,2.12,SKEMPI2,52,SPR
1758,4I77,F52W,H,Z,2.1,SKEMPI2,52,SPR
1759,4I77,A100Y,H,Z,0,SKEMPI2,52,SPR
1760,4I77,F100Y,H,Z,0,SKEMPI2,52,SPR
1761,4I77,A101Y,H,Z,0.94,SKEMPI2,52,SPR
1762,4I77,F101Y,H,Z,0,SKEMPI2,52,SPR
1763,4I77,A103Y,H,Z,1.69,SKEMPI2,52,SPR
1764,4I77,F103Y,H,Z,0,SKEMPI2,52,SPR
1765,4I77,A32Y,L,Z,0,SKEMPI2,52,SPR
1766,4I77,F32Y,L,Z,0,SKEMPI2,52,SPR
1767,4JPK,R141D,A,"H,L",3.86,SKEMPI2,53,SPR
1768,4JPK,I144F,A,"H,L",1.39,SKEMPI2,53,SPR
1769,4JPK,L63F,A,"H,L",1.17,SKEMPI2,53,SPR
1770,4JPK,K130R,A,"H,L",0.23,SKEMPI2,53,SPR
1771,4JPK,T81R,A,"H,L",0.76,SKEMPI2,53,SPR
1772,4JPK,G41S,A,"H,L",2.15,SKEMPI2,53,SPR
1773,4JPK,S35T,A,"H,L",-0.03,SKEMPI2,53,SPR
1774,4JPK,N30V,A,"H,L",0.6,SKEMPI2,53,SPR
1775,4KRL,A112D,B,A,0.65,SKEMPI2,54,SPR
1776,4KRL,A30R,B,A,1.72,SKEMPI2,54,SPR
1777,4KRO,A92D,B,A,1.51,SKEMPI2,55,SPR
1778,4KRO,A15R,B,A,1.58,SKEMPI2,55,SPR
1779,4KRP,A105E,B,A,1.61,SKEMPI2,56,SPR
1780,4NM8,N19D,B,"H,L",0.65,SKEMPI2,57,BI
1781,4NM8,M18I,B,"H,L",0.11,SKEMPI2,57,BI
1782,4NM8,Y38L,B,"H,L",-0.61,SKEMPI2,57,BI
1783,4NM8,R34Q,B,"H,L",2.93,SKEMPI2,57,BI
1784,4NM8,T34Q,B,"H,L",2.29,SKEMPI2,57,BI
1785,4NM8,M25R,B,"H,L",3.39,SKEMPI2,57,BI
1786,4NM8,E32T,B,"H,L",-0.54,SKEMPI2,57,BI
1787,4NM8,I32T,B,"H,L",-0.05,SKEMPI2,57,BI
1788,4NM8,R32T,B,"H,L",1.2,SKEMPI2,57,BI
1789,4U6H,A21N,E,"A,B",-0.35,SKEMPI2,58,BI
1790,4U6H,A25Q,E,"A,B",0.12,SKEMPI2,58,BI
1791,4ZS6,A156E,A,"L,H",3.04,SKEMPI2,59,SPR
1792,4ZS6,A160Y,A,"L,H",-0.11,SKEMPI2,59,SPR
1793,5C6T,A194E,A,"H,L",1.09,SKEMPI2,60,SPR
1794,5C6T,A192F,A,"H,L",2,SKEMPI2,60,SPR
1795,5C6T,A199F,A,"H,L",2.76,SKEMPI2,60,SPR
1796,5C6T,A200F,A,"H,L",0.41,SKEMPI2,60,SPR
1797,5C6T,A99F,H,A,1.46,SKEMPI2,60,SPR
1798,5C6T,A201I,A,"H,L",0.89,SKEMPI2,60,SPR
1799,5C6T,A183N,A,"H,L",0.28,SKEMPI2,60,SPR
1800,5C6T,A186N,A,"H,L",0.36,SKEMPI2,60,SPR
1801,5C6T,A188N,A,"H,L",-0.37,SKEMPI2,60,SPR
1802,5C6T,A97N,H,A,1.53,SKEMPI2,60,SPR
1803,5C6T,S31R,H,A,0.31,SKEMPI2,60,SPR
1804,5C6T,A48R,L,A,0.12,SKEMPI2,60,SPR
1805,5C6T,A32S,H,A,-0.87,SKEMPI2,60,SPR
1806,5C6T,A185T,A,"H,L",0.34,SKEMPI2,60,SPR
1807,5C6T,A182Y,A,"H,L",3.21,SKEMPI2,60,SPR
1808,5C6T,A104Y,H,A,0.36,SKEMPI2,60,SPR
1809,5C6T,A98Y,H,A,1.72,SKEMPI2,60,SPR
1810,5C6T,A47Y,L,A,0.55,SKEMPI2,60,SPR