ID,PDB,Mutations,antibody,antigen,DDG,source
1,1AHW,"KC169A,NC171A,NC173A",BA,C,-4.07,SKEMPI2
2,1AHW,"SC195A,RC196A",BA,C,-4.02,SKEMPI2
3,1AHW,"RC200A,KC201A",BA,C,-4.02,SKEMPI2
4,1AHW,"IC152Q,TC154I,YC156T",BA,C,-3.97,SKEMPI2
6,1AHW,"TC121A,KC122A",BA,C,-0.64,SKEMPI2
8,1BJ1,"LH72V,TH74V",HL,VW,-0.67,SKEMPI2
9,1BJ1,"LH72I,TH74K",HL,VW,-0.08,SKEMPI2
10,1BJ1,"HH101Y,YH103I,GH104A,SH105K",HL,VW,0.43,SKEMPI2
11,1BJ1,"TH28D,NH31H",HL,VW,0.69,SKEMPI2
12,1BJ1,"HH101Y,YH103R,GH104N,SH105T",HL,VW,0.76,SKEMPI2
13,1BJ1,"HH101Y,YH103R,GH104D,SH105N",HL,VW,0.99,SKEMPI2
14,1BJ1,"HH101Y,YH103W,SH105T",HL,VW,1.04,SKEMPI2
15,1BJ1,"HH101Y,YH103R,SH105T",HL,VW,1.17,SKEMPI2
16,1BJ1,"TH28D,NH31H,YH54W,HH101Y,SH105T",HL,VW,1.2,SKEMPI2
17,1BJ1,"HH101Y,SH105T",HL,VW,1.34,SKEMPI2
19,1BJ1,"TH28D,NH31H,HH101Y,SH105T",HL,VW,1.75,SKEMPI2
20,1BJ1,"ML4L,TH28D,NH31H,HH101Y,SH105T",HL,VW,1.79,SKEMPI2
22,1CZ8,"LL4M,DH28T,HH31N,YH101H,TH105S,LH72V,TH74V",HL,VW,-2.46,SKEMPI2
23,1CZ8,"LL4M,DH28T,HH31N,YH101H,TH105S,LH72I,TH74K",HL,VW,-1.87,SKEMPI2
24,1CZ8,"LL4M,DH28T,HH31N,YH101H,TH105S",HL,VW,-1.79,SKEMPI2
25,1CZ8,"LL4M,DH28T,HH31N,YH101H,TH105S,YH54W",HL,VW,-1.66,SKEMPI2
26,1CZ8,"LL4M,HH31N,YH101H,TH105S",HL,VW,-1.57,SKEMPI2
27,1CZ8,"LL4M,DH28T,HH31N,YH101H",HL,VW,-1.4,SKEMPI2
28,1CZ8,"LL4M,DH28T,HH31N,TH105K,YH103I,GH104A",HL,VW,-1.36,SKEMPI2
29,1CZ8,"LL4M,YH101H,TH105S",HL,VW,-1.1,SKEMPI2
30,1CZ8,"LL4M,DH28T,HH31N,YH103R,GH104N",HL,VW,-1.03,SKEMPI2
31,1CZ8,"LL4M,DH28T,YH101H,TH105S",HL,VW,-1.03,SKEMPI2
32,1CZ8,"LL4M,DH28T,HH31N,TH105N,YH103R,GH104D",HL,VW,-0.8,SKEMPI2
33,1CZ8,"LL4M,DH28T,HH31N,YH103W",HL,VW,-0.75,SKEMPI2
34,1CZ8,"LL4M,DH28T,HH31N,YH103R",HL,VW,-0.62,SKEMPI2
35,1CZ8,"LL4M,YH54W",HL,VW,-0.59,SKEMPI2
36,1CZ8,"LL4M,DH28T,HH31N",HL,VW,-0.45,SKEMPI2
37,1CZ8,"LL4M,DH28T,HH31N,TH105S",HL,VW,-0.21,SKEMPI2
82,1MHP,"SL91R,NL30E",HL,A,-2.73,SKEMPI2
83,1MHP,"TH50V,SH35V",HL,A,-2.73,SKEMPI2
84,1MHP,"TH50V,SH35A",HL,A,-2.08,SKEMPI2
85,1MHP,"TH33I,SH52T,GH53N,GH54N",HL,A,-1.91,SKEMPI2
86,1MHP,"TH50V,GH102S",HL,A,-1.67,SKEMPI2
87,1MHP,"TH33E,GH53Q",HL,A,-1.67,SKEMPI2
88,1MHP,"SH35A,GH102S",HL,A,-1.57,SKEMPI2
89,1MHP,"SH35V,GH102S",HL,A,-1.43,SKEMPI2
90,1MHP,"TH33I,SH52T,GH53Q,GH54F",HL,A,-1.26,SKEMPI2
91,1MHP,"WL90Q,FL33Y",HL,A,-0.87,SKEMPI2
92,1MHP,"NL30Y,SL91I",HL,A,-0.43,SKEMPI2
93,1MHP,"LH60D,KH64Q",HL,A,-0.04,SKEMPI2
95,1MHP,"LH60D,KH64E",HL,A,0.14,SKEMPI2
96,1MHP,"TH50V,KH64E",HL,A,0.36,SKEMPI2
97,1MHP,"TH50V,SL28Q",HL,A,0.69,SKEMPI2
98,1MHP,"KH64E,SL28Q",HL,A,0.86,SKEMPI2
99,1MHP,"KH64E,SL28Q,NL52Y",HL,A,0.95,SKEMPI2
102,1MHP,"TH50V,KH64E,SL28Q,NL52Y",HL,A,1.04,SKEMPI2
105,1MHP,"TH50V,SL28Q,NL52Y",HL,A,1.2,SKEMPI2
106,1MHP,"TH50V,KH64E,SL28Q,NL52E",HL,A,1.27,SKEMPI2
107,1MLC,"NA92A,TB28D,SB57V,TB58D,EB35S",BA,E,-1.91,SKEMPI2
108,1MLC,"NA92A,TB28D,SB57V,TB58D,SA91N",BA,E,-1.85,SKEMPI2
109,1MLC,"NA92A,TB28D,SB57V,TB58D,YB32R,RB98S",BA,E,-1.85,SKEMPI2
110,1MLC,"NA92A,TB28D,SB57V,TB58D,YB32W,RB98V,DB100Q",BA,E,-0.36,SKEMPI2
111,1MLC,"NA92A,TB28D,SB57V,TB58D,GB99D",BA,E,0.2,SKEMPI2
112,1MLC,"NA92A,TB28D,SB57V,TB58D,RB98M,DB100Q",BA,E,0.41,SKEMPI2
115,1MLC,"NA92A,TB28D,SB57V,TB58D,YB59E",BA,E,1.47,SKEMPI2
116,1MLC,"NA92A,TB28D,SB57V,TB58D,SA91N,SA93A",BA,E,1.61,SKEMPI2
119,1MLC,"NA92A,TB28D,SB57V,TB58D,SB30G",BA,E,2.36,SKEMPI2
122,1MLC,"NA92A,TB28D,SB57V,TB58D,NA32L",BA,E,2.59,SKEMPI2
124,1MLC,"NA92A,TB28D,SB57V,TB58D,EB35S,GB99D",BA,E,2.96,SKEMPI2
126,1N8Z,"NA30S,HA91F,YA92W,TA94S,DB102W,YB105F,YB109V",BA,C,-0.05,SKEMPI2
127,1N8Z,"NA30S,HA91F,YA92W",BA,C,0.07,SKEMPI2
143,1YQV,"RY68K,TY40S,IY55V,SY91T",HL,Y,-5.11,SKEMPI2
146,1YQV,"RY68K,TY40S,IY55V,SY91T,QY121H",HL,Y,0,SKEMPI2
148,1YY9,"SC26D,TC31E,NC93A,ND56A,TD61E",DC,A,0.65,SKEMPI2
149,1YY9,"TC31E,NC93A",DC,A,0.82,SKEMPI2
150,1YY9,"SC26D,TC31E,NC93A",DC,A,1.33,SKEMPI2
175,2B2X,"VH50T,EH64K,QL28S,YL52N,SH35Q",HL,A,-3.77,SKEMPI2
176,2B2X,"VH50T,EH64K,QL28S,YL52N,SL91R",HL,A,-3.77,SKEMPI2
177,2B2X,"VH50T,EH64K,QL28S,YL52N,SL91R,NL30E",HL,A,-3.77,SKEMPI2
178,2B2X,"VH50T,EH64K,QL28S,YL52N,TH33N",HL,A,-3.77,SKEMPI2
179,2B2X,"VH50T,EH64K,QL28S,YL52N,GH100L",HL,A,-3.77,SKEMPI2
180,2B2X,"EH64K,QL28S,YL52N,SH35V",HL,A,-3.77,SKEMPI2
181,2B2X,"VH50T,EH64K,QL28S,YL52N,SL91T",HL,A,-3.36,SKEMPI2
182,2B2X,"VH50T,EH64K,QL28S,YL52N,SH52M",HL,A,-3.12,SKEMPI2
183,2B2X,"VH50T,EH64K,QL28S,YL52N,YH58Q",HL,A,-3.12,SKEMPI2
184,2B2X,"VH50T,EH64K,QL28S,YL52N,YH58E",HL,A,-3.12,SKEMPI2
185,2B2X,"VH50T,EH64K,QL28S,YL52N,WL90Q",HL,A,-3.12,SKEMPI2
186,2B2X,"EH64K,QL28S,YL52N,SH35A",HL,A,-3.12,SKEMPI2
187,2B2X,"VH50T,EH64K,QL28S,YL52N,NL30Y",HL,A,-2.95,SKEMPI2
188,2B2X,"VH50T,EH64K,QL28S,YL52N,LL49W",HL,A,-2.95,SKEMPI2
189,2B2X,"VH50T,EH64K,QL28S,YL52N,TH33I,SH52T,GH53N,GH54N",HL,A,-2.95,SKEMPI2
190,2B2X,"VH50T,EH64K,QL28S,YL52N,SL91Q",HL,A,-2.82,SKEMPI2
191,2B2X,"EH64K,QL28S,YL52N,GH102S",HL,A,-2.71,SKEMPI2
192,2B2X,"VH50T,EH64K,QL28S,YL52N,TH33E,GH53Q",HL,A,-2.71,SKEMPI2
193,2B2X,"VH50T,EH64K,QL28S,YL52N,NL30W",HL,A,-2.61,SKEMPI2
194,2B2X,"VH50T,EH64K,QL28S,YL52N,GL92Q",HL,A,-2.61,SKEMPI2
195,2B2X,"VH50T,EH64K,QL28S,YL52N,SH35A",HL,A,-2.61,SKEMPI2
196,2B2X,"VH50T,EH64K,QL28S,YL52N,SH35A,GH102S",HL,A,-2.61,SKEMPI2
197,2B2X,"VH50T,EH64K,QL28S,YL52N,SH35V,GH102S",HL,A,-2.47,SKEMPI2
198,2B2X,"VH50T,EH64K,QL28S,YL52N,GH54I",HL,A,-2.4,SKEMPI2
199,2B2X,"VH50T,EH64K,QL28S,YL52N,RH31Q",HL,A,-2.35,SKEMPI2
200,2B2X,"VH50T,EH64K,QL28S,YL52N,HL31W",HL,A,-2.3,SKEMPI2
201,2B2X,"VH50T,EH64K,QL28S,YL52N,GH53N",HL,A,-2.3,SKEMPI2
202,2B2X,"VH50T,EH64K,QL28S,YL52N,TH33I,SH52T,GH53Q,GH54F",HL,A,-2.3,SKEMPI2
203,2B2X,"VH50T,EH64K,QL28S,YL52N,HL31K",HL,A,-2.21,SKEMPI2
204,2B2X,"VH50T,EH64K,QL28S,YL52N,GH54T",HL,A,-2.21,SKEMPI2
205,2B2X,"VH50T,EH64K,QL28S,YL52N,HL31R",HL,A,-2.16,SKEMPI2
206,2B2X,"VH50T,EH64K,QL28S,YL52N,NL30V",HL,A,-2.09,SKEMPI2
207,2B2X,"VH50T,EH64K,QL28S,YL52N,LL49K",HL,A,-1.97,SKEMPI2
208,2B2X,"VH50T,EH64K,QL28S,YL52N,WL90Q,FL33Y",HL,A,-1.91,SKEMPI2
209,2B2X,"VH50T,EH64K,QL28S,YL52R",HL,A,-1.89,SKEMPI2
210,2B2X,"VH50T,EH64K,QL28S,YL52N,YH58W",HL,A,-1.86,SKEMPI2
213,2B2X,"VH50T,EH64K,QL28S,YL52N,FH99Y",HL,A,-1.8,SKEMPI2
214,2B2X,"VH50T,EH64K,QL28S,YL52N,LL49F",HL,A,-1.75,SKEMPI2
215,2B2X,"VH50T,EH64K,QL28S,YL52N,GH53S",HL,A,-1.72,SKEMPI2
216,2B2X,"VH50T,EH64K,QL28S,YL52K",HL,A,-1.7,SKEMPI2
217,2B2X,"VH50T,EH64K,QL28S,YL52N,GH100F",HL,A,-1.61,SKEMPI2
218,2B2X,"VH50T,EH64K,QL28S,YL52N,GH100S",HL,A,-1.6,SKEMPI2
219,2B2X,"VH50T,EH64K,QL28S,YL52N,YH59E",HL,A,-1.58,SKEMPI2
220,2B2X,"VH50T,EH64K,QL28S,YL52N,GL92S",HL,A,-1.55,SKEMPI2
221,2B2X,"VH50T,EH64K,QL28S,YL52N,GH53A",HL,A,-1.55,SKEMPI2
222,2B2X,"VH50T,EH64K,QL28S,YL52D",HL,A,-1.54,SKEMPI2
223,2B2X,"VH50T,EH64K,QL28S,YL52N,TH33V",HL,A,-1.47,SKEMPI2
224,2B2X,"VH50T,EH64K,QL28S,YL52N,NL30Y,SL91I",HL,A,-1.47,SKEMPI2
227,2B2X,"VH50T,EH64K,QL28S,YL52N,GH100M",HL,A,-1.14,SKEMPI2
228,2B2X,"VH50T,EH64Q,QL28S,YL52N,LH60D",HL,A,-1.08,SKEMPI2
229,2B2X,"VH50T,EH64K,QL28S,YL52N",HL,A,-1.04,SKEMPI2
241,2B2X,"VH50T,EH64K,QL28S,YL52N,GH54Y",HL,A,-1.04,SKEMPI2
242,2B2X,"VH50T,EH64K,QL28S,YL52N,FH99W",HL,A,-1.04,SKEMPI2
244,2B2X,"VH50T,EH64K,QL28S,YL52N,SL24R",HL,A,-0.97,SKEMPI2
245,2B2X,"VH50T,EH64N,QL28S,YL52N",HL,A,-0.97,SKEMPI2
246,2B2X,"VH50T,EH64K,QL28S",HL,A,-0.94,SKEMPI2
247,2B2X,"VH50T,EH64K,QL28S,YL52N,LH60D",HL,A,-0.92,SKEMPI2
249,2B2X,"VH50T,QL28S,YL52N,LH60D",HL,A,-0.9,SKEMPI2
250,2B2X,"VH50T,QL28S,YL52N",HL,A,-0.89,SKEMPI2
251,2B2X,"VH50T,EH64Q,QL28S,YL52N",HL,A,-0.89,SKEMPI2
252,2B2X,"VH50T,EH64K,QL28S,YL52E",HL,A,-0.86,SKEMPI2
253,2B2X,"VH50T,EH64D,QL28S,YL52N",HL,A,-0.82,SKEMPI2
254,2B2X,"EH64K,QL28S,YL52N",HL,A,-0.78,SKEMPI2
255,2B2X,"QL28S,YL52N",HL,A,-0.68,SKEMPI2
257,2B2X,"VH50T,EH64K,YL52N",HL,A,-0.37,SKEMPI2
258,2B2X,"EH64K,YL52N",HL,A,-0.35,SKEMPI2
260,2B2X,"VH50T,YL52N",HL,A,-0.18,SKEMPI2
261,2NY7,"WG95M,MG433A,CG96W,CG275V",HL,G,-1.16,SKEMPI2
262,2NY7,"WG95M,MG433A,CG96W,CG275V,KG231C,EG267C",HL,G,-0.55,SKEMPI2
263,2NY7,"WG95M,MG433A,CG96W,CG275V,CG109I,CG428Q",HL,G,-0.45,SKEMPI2
264,2NY7,"KG231C,EG267C,WG95M,MG433A,CG96W,CG275V,CG109I,CG428Q",HL,G,-0.4,SKEMPI2
265,2NY7,"KG231C,EG268C,WG95M,MG433A,CG96W,CG275V,CG109I,CG428Q",HL,G,-0.3,SKEMPI2
266,2NY7,"GG431C,WG95M,MG433A,CG96W,CG275V,CG109I,CG428Q",HL,G,-0.22,SKEMPI2
267,2NY7,"CG109I,CG428Q,MG433A",HL,G,-0.21,SKEMPI2
268,2NY7,"CG109I,CG428Q",HL,G,-0.2,SKEMPI2
269,2NY7,"KG231C,EG267C,CG109I,CG428Q",HL,G,-0.04,SKEMPI2
270,2NY7,"WG95M,SG257T,WG375S,MG433A,CG96W,CG275V,CG109I,CG428Q",HL,G,0.3,SKEMPI2
271,2NY7,"GG431C,MG433A",HL,G,0.38,SKEMPI2
272,2NYY,"KD30S,YD31D,DD32H,SD61P",DC,A,-0.05,SKEMPI2
273,2NYY,"VD37I,ED6Q",DC,A,0.05,SKEMPI2
274,2NZ9,"SD30K,DD31Y,HD32D",DC,A,0.05,SKEMPI2
276,3BDY,"DL27aN,PL27cA,RL27dK,SL28T,TL93S,TL94S",HL,V,0.95,SKEMPI2
277,3BDY,"DL27aN,PL27cA,RL27dK,SL28T,YL53F,TL93S,TL94S",HL,V,0.97,SKEMPI2
278,3BDY,"DL27aN,PL27cA,RL27dK,SL28T,TL93S,TL94S,KH30S,DH31G,TH53S,NH54E,GH96V,DH98V",HL,V,2.67,SKEMPI2
279,3BDY,"DL27aN,PL27cA,RL27dK,SL28T,YL53F,TL93S,TL94S,KH30S,DH31G,TH53S,NH54E,GH96V,DH98V",HL,V,2.73,SKEMPI2
280,3BDY,"DL27aN,PL27cA,RL27dK,SL28T,TL93S,TL94S,KH30S,DH31G,TH53S,NH54E,GH96V,DH98V,RH50A,RH58A",HL,V,2.73,SKEMPI2
282,3BE1,"DL27aN,PL27cA,RL27dK,SL28T,TL93S,TL94S",HL,A,0.68,SKEMPI2
283,3BE1,"DL27aN,PL27cA,RL27dK,SL28T,YL53F,TL93S,TL94S",HL,A,0.87,SKEMPI2
284,3BE1,"DL27aN,PL27cA,RL27dK,SL28T,TL93S,TL94S,KH30S,DH31G,TH53S,NH54E,GH96V,DH98V",HL,A,2.73,SKEMPI2
285,3BE1,"DL27aN,PL27cA,RL27dK,SL28T,TL93S,TL94S,KH30S,DH31G,TH53S,NH54E,GH96V,DH98V,YL32A,IL29A",HL,A,2.73,SKEMPI2
286,3BE1,"DL27aN,PL27cA,RL27dK,SL28T,YL53F,TL93S,TL94S,KH30S,DH31G,TH53S,NH54E,GH96V,DH98V",HL,A,2.88,SKEMPI2
287,3BE1,"DL27aN,PL27cA,RL27dK,SL28T,TL93S,TL94S,KH30S,DH31G,TH53S,NH54E,GH96V,DH98V,YL32A",HL,A,3.14,SKEMPI2
289,3G6D,"EL3V,GL76R,TL77V,QL78E,EL80G,FH103A,HH104A,WH105A",HL,A,-4.62,SKEMPI2
290,3G6D,"TL89S,ML92I,VL93D,TL94K",HL,A,-0.79,SKEMPI2
291,3G6D,"EL3V,GL76R,TL77V,QL78E,EL80G,TL89S,ML92I,VL93D,TL94K",HL,A,-0.27,SKEMPI2
292,3G6D,"EL3V,GL76R,TL77V,QL78E,EL80G",HL,A,-0.14,SKEMPI2
293,3G6D,"EL3V,GL76R,TL77V,QL78E,EL80G,DH54N",HL,A,-0.11,SKEMPI2
294,3G6D,"KH210T,KH215T",HL,A,0.14,SKEMPI2
305,3HFM,"YH50A,RY21A",HL,Y,-7.95,SKEMPI2
306,3HFM,"YL50A,KY96A",HL,Y,-7.74,SKEMPI2
307,3HFM,"WH98A,KY96A",HL,Y,-7.74,SKEMPI2
308,3HFM,"NL31A,KY96A",HL,Y,-7.48,SKEMPI2
309,3HFM,"YL50A,KY97A",HL,Y,-7.33,SKEMPI2
310,3HFM,"YH33A,KY97A",HL,Y,-7.24,SKEMPI2
311,3HFM,"YL50A,RY21A",HL,Y,-6.37,SKEMPI2
312,3HFM,"YL50F,YY20A",HL,Y,-6.23,SKEMPI2
313,3HFM,"WH98F,YY20A",HL,Y,-6.24,SKEMPI2
314,3HFM,"YL96A,RY21A",HL,Y,-5.76,SKEMPI2
315,3HFM,"DH32N,KY97A",HL,Y,-4.9,SKEMPI2
316,3HFM,"DH32A,KY97A",HL,Y,-4.6,SKEMPI2
317,3HFM,"YL50F,RY21A",HL,Y,-4.34,SKEMPI2
318,3HFM,"YL96F,RY21A",HL,Y,-4.19,SKEMPI2
319,3HFM,"DH32A,KY97M",HL,Y,-1.13,SKEMPI2
320,3HFM,"DH32N,KY97M",HL,Y,-0.31,SKEMPI2
321,3IDX,"TG123C,GG431C,MG433A",HL,G,-0.41,SKEMPI2
322,3IDX,"WG95M,MG433A,CG96W,CG275V,KG231C,EG267C",HL,G,0.36,SKEMPI2
323,3IDX,"WG95M,MG433A,CG96W,CG275V",HL,G,0.64,SKEMPI2
324,3IDX,"WG95M,SG257T,WG375S,MG433A,CG96W,CG275V,CG109I,CG428Q",HL,G,1.86,SKEMPI2
325,3IDX,"CG109I,CG428Q,MG433A",HL,G,2.17,SKEMPI2
326,3IDX,"KG231C,EG267C,WG95M,MG433A,CG96W,CG275V,CG109I,CG428Q",HL,G,2.19,SKEMPI2
327,3IDX,"KG231C,EG268C,WG95M,MG433A,CG96W,CG275V,CG109I,CG428Q",HL,G,2.29,SKEMPI2
328,3IDX,"TG123C,GG431C,WG95M,MG433A,CG96W,CG275V,CG109I,CG428Q",HL,G,2.33,SKEMPI2
329,3IDX,"WG95M,MG433A,CG96W,CG275V,CG109I,CG428Q",HL,G,2.35,SKEMPI2
330,3IDX,"KG231C,EG267C,CG109I,CG428Q",HL,G,2.38,SKEMPI2
331,3IDX,"CG109I,CG428Q",HL,G,2.46,SKEMPI2
332,3L5X,"NL92S,EL93S,YL94G",HL,A,0.25,SKEMPI2
333,3L5X,"NL92S,EL93W,YL94A",HL,A,0.31,SKEMPI2
334,3L5X,"NL92D,EL93L,YL94G",HL,A,0.43,SKEMPI2
335,3L5X,"EL93F,YL94G",HL,A,0.43,SKEMPI2
336,3L5X,"HL91P,NL92L,YL94A",HL,A,0.45,SKEMPI2
337,3L5X,"NL92V,EL93G,YL94G",HL,A,0.47,SKEMPI2
338,3L5X,"NL92D,EL93R,YL94D",HL,A,0.53,SKEMPI2
339,3L5X,"NL92S,EL93V,YL94G",HL,A,0.52,SKEMPI2
340,3L5X,"NL92D,EL93N,YL94S",HL,A,0.54,SKEMPI2
341,3L5X,"NL92L,EL93D,YL94S",HL,A,0.56,SKEMPI2
342,3L5X,"HL91P,NL92L,EL93D,YL94S",HL,A,0.64,SKEMPI2
343,3L5X,"NL92L,EL93L,YL94G",HL,A,0.63,SKEMPI2
344,3L5X,"HL91P,NL92I,EL93D,YL94A",HL,A,0.65,SKEMPI2
346,3L5X,"NL92L,EL93N,YL94G",HL,A,0.7,SKEMPI2
347,3L5X,"NL92D,EL93W,YL94S",HL,A,0.72,SKEMPI2
348,3L5X,"EL93H,YL94G",HL,A,0.77,SKEMPI2
349,3L5X,"HL91P,NL92L,EL93D,YL94T",HL,A,0.82,SKEMPI2
350,3L5X,"NL92D,EL93Y,YL94A",HL,A,0.81,SKEMPI2
351,3L5X,"NL92S,EL93I,YL94G",HL,A,0.81,SKEMPI2
352,3L5X,"NL92L,EL93M,YL94G",HL,A,0.83,SKEMPI2
353,3L5X,"NL92V,EL93W,YL94G",HL,A,0.84,SKEMPI2
354,3L5X,"HL91P,NL92L,EL93D,YL94V",HL,A,0.86,SKEMPI2
355,3L5X,"NL92S,EL93Y,YL94G",HL,A,0.97,SKEMPI2
356,3L5X,"NL92D,EL93W,YL94E",HL,A,1.2,SKEMPI2
357,3L5X,"NL92F,EL93W,YL94G",HL,A,1.24,SKEMPI2
358,3L5X,"NL92S,EL93H,YL94G",HL,A,1.25,SKEMPI2
359,3L5X,"NL92S,EL93W,YL94G",HL,A,1.28,SKEMPI2
360,3L5X,"NL92E,EL93S,YL94G",HL,A,1.27,SKEMPI2
361,3L5X,"HL91Q,NL92D,EL93Y,YL94G",HL,A,1.46,SKEMPI2
362,3L5X,"NL92D,EL93P,YL94G",HL,A,1.48,SKEMPI2
363,3L5X,"HL91Q,NL92D,EL93I,YL94G",HL,A,1.56,SKEMPI2
364,3L5X,"NL92E,EL93W,YL94G",HL,A,1.56,SKEMPI2
365,3L5X,"NL92D,EL93W,YL94G",HL,A,1.69,SKEMPI2
366,3L5X,"HL91Q,NL92D,EL93L,YL94G",HL,A,1.79,SKEMPI2
367,3LZF,"DA190E,DA225G",HL,AB,-0.12,SKEMPI2
368,3NGB,"TH33Y,GH55S,AH56G,VH57T,PH62K,VH73T,YH74S",HL,G,-1.94,SKEMPI2
369,3NGB,"AH56G,VH57T,PH62K,VH73T",HL,G,-1.67,SKEMPI2
370,3NGB,"IH30T,KH52N,RH53N,GH54S,AH56G,VH57T,RH61Q,PH62K,VH73T,YH74S,YL28S",HL,G,-0.86,SKEMPI2
371,3NGB,"CH32S,CH98A",HL,G,-0.26,SKEMPI2
372,4GXU,"DA190E,DA225G",MN,ABCDEF,-3.01,SKEMPI2
373,4JPK,"DA159N,DA33N",HL,A,-0.62,SKEMPI2
374,4KRL,"DA355T,FA357A",B,A,-1.85,SKEMPI2
375,4KRO,"DA355T,FA357A",B,A,-0.13,SKEMPI2
376,4KRP,"DA355T,FA357A",B,A,-0.36,SKEMPI2
380,5C6T,"YA280A,NA293A,DA295A",HL,A,-2.95,SKEMPI2
381,5C6T,"NA293A,DA295A",HL,A,-0.59,SKEMPI2
